affixId,modId,itemSlots,classSpecific,tier,weight,min,max,valueFormat,templateId,progressBand
A_Damage_Flat_Lightning_T1,Damage_Flat_Lightning,Any,,1,44,90.0,300.0,FlatNumber,flat_damage_2_300,all
A_Damage_Flat_Lightning_T2,Damage_Flat_Lightning,Any,,2,52,52.0,179.0,FlatNumber,flat_damage_2_300,all
A_Damage_Flat_Lightning_T3,Damage_Flat_Lightning,Any,,3,60,30.0,107.0,FlatNumber,flat_damage_2_300,all
A_Damage_Flat_Lightning_T4,Damage_Flat_Lightning,Any,,4,68,18.0,63.0,FlatNumber,flat_damage_2_300,all
A_Damage_Flat_Lightning_T5,Damage_Flat_Lightning,Any,,5,76,10.0,38.0,FlatNumber,flat_damage_2_300,all
A_Damage_Flat_Lightning_T6,Damage_Flat_Lightning,Any,,6,84,6.0,23.0,FlatNumber,flat_damage_2_300,all
A_Damage_Flat_Lightning_T7,Damage_Flat_Lightning,Any,,7,92,3.0,13.0,FlatNumber,flat_damage_2_300,all
A_Damage_Flat_Lightning_T8,Damage_Flat_Lightning,Any,,8,100,2.0,8.0,FlatNumber,flat_damage_2_300,all
A_Damage_Flat_Fire_T1,Damage_Flat_Fire,Any,,1,44,90.0,300.0,FlatNumber,flat_damage_2_300,all
A_Damage_Flat_Fire_T2,Damage_Flat_Fire,Any,,2,52,52.0,179.0,FlatNumber,flat_damage_2_300,all
A_Damage_Flat_Fire_T3,Damage_Flat_Fire,Any,,3,60,30.0,107.0,FlatNumber,flat_damage_2_300,all
A_Damage_Flat_Fire_T4,Damage_Flat_Fire,Any,,4,68,18.0,63.0,FlatNumber,flat_damage_2_300,all
A_Damage_Flat_Fire_T5,Damage_Flat_Fire,Any,,5,76,10.0,38.0,FlatNumber,flat_damage_2_300,all
A_Damage_Flat_Fire_T6,Damage_Flat_Fire,Any,,6,84,6.0,23.0,FlatNumber,flat_damage_2_300,all
A_Damage_Flat_Fire_T7,Damage_Flat_Fire,Any,,7,92,3.0,13.0,FlatNumber,flat_damage_2_300,all
A_Damage_Flat_Fire_T8,Damage_Flat_Fire,Any,,8,100,2.0,8.0,FlatNumber,flat_damage_2_300,all
A_Damage_Flat_Cold_T1,Damage_Flat_Cold,Any,,1,44,90.0,300.0,FlatNumber,flat_damage_2_300,all
A_Damage_Flat_Cold_T2,Damage_Flat_Cold,Any,,2,52,52.0,179.0,FlatNumber,flat_damage_2_300,all
A_Damage_Flat_Cold_T3,Damage_Flat_Cold,Any,,3,60,30.0,107.0,FlatNumber,flat_damage_2_300,all
A_Damage_Flat_Cold_T4,Damage_Flat_Cold,Any,,4,68,18.0,63.0,FlatNumber,flat_damage_2_300,all
A_Damage_Flat_Cold_T5,Damage_Flat_Cold,Any,,5,76,10.0,38.0,FlatNumber,flat_damage_2_300,all
A_Damage_Flat_Cold_T6,Damage_Flat_Cold,Any,,6,84,6.0,23.0,FlatNumber,flat_damage_2_300,all
A_Damage_Flat_Cold_T7,Damage_Flat_Cold,Any,,7,92,3.0,13.0,FlatNumber,flat_damage_2_300,all
A_Damage_Flat_Cold_T8,Damage_Flat_Cold,Any,,8,100,2.0,8.0,FlatNumber,flat_damage_2_300,all
A_Damage_Flat_Physical_T1,Damage_Flat_Physical,Any,,1,44,90.0,300.0,FlatNumber,flat_damage_2_300,all
A_Damage_Flat_Physical_T2,Damage_Flat_Physical,Any,,2,52,52.0,179.0,FlatNumber,flat_damage_2_300,all
A_Damage_Flat_Physical_T3,Damage_Flat_Physical,Any,,3,60,30.0,107.0,FlatNumber,flat_damage_2_300,all
A_Damage_Flat_Physical_T4,Damage_Flat_Physical,Any,,4,68,18.0,63.0,FlatNumber,flat_damage_2_300,all
A_Damage_Flat_Physical_T5,Damage_Flat_Physical,Any,,5,76,10.0,38.0,FlatNumber,flat_damage_2_300,all
A_Damage_Flat_Physical_T6,Damage_Flat_Physical,Any,,6,84,6.0,23.0,FlatNumber,flat_damage_2_300,all
A_Damage_Flat_Physical_T7,Damage_Flat_Physical,Any,,7,92,3.0,13.0,FlatNumber,flat_damage_2_300,all
A_Damage_Flat_Physical_T8,Damage_Flat_Physical,Any,,8,100,2.0,8.0,FlatNumber,flat_damage_2_300,all
A_Damage_Flat_Corrosion_T1,Damage_Flat_Corrosion,Any,,1,44,90.0,300.0,FlatNumber,flat_damage_2_300,all
A_Damage_Flat_Corrosion_T2,Damage_Flat_Corrosion,Any,,2,52,52.0,179.0,FlatNumber,flat_damage_2_300,all
A_Damage_Flat_Corrosion_T3,Damage_Flat_Corrosion,Any,,3,60,30.0,107.0,FlatNumber,flat_damage_2_300,all
A_Damage_Flat_Corrosion_T4,Damage_Flat_Corrosion,Any,,4,68,18.0,63.0,FlatNumber,flat_damage_2_300,all
A_Damage_Flat_Corrosion_T5,Damage_Flat_Corrosion,Any,,5,76,10.0,38.0,FlatNumber,flat_damage_2_300,all
A_Damage_Flat_Corrosion_T6,Damage_Flat_Corrosion,Any,,6,84,6.0,23.0,FlatNumber,flat_damage_2_300,all
A_Damage_Flat_Corrosion_T7,Damage_Flat_Corrosion,Any,,7,92,3.0,13.0,FlatNumber,flat_damage_2_300,all
A_Damage_Flat_Corrosion_T8,Damage_Flat_Corrosion,Any,,8,100,2.0,8.0,FlatNumber,flat_damage_2_300,all
A_Damage_Increased_Lightning_T1,Damage_Increased_Lightning,Any,,1,44,60.0,120.0,Percent,damage_increase_12_120,all
A_Damage_Increased_Lightning_T2,Damage_Increased_Lightning,Any,,2,52,48.0,95.0,Percent,damage_increase_12_120,all
A_Damage_Increased_Lightning_T3,Damage_Increased_Lightning,Any,,3,60,38.0,76.0,Percent,damage_increase_12_120,all
A_Damage_Increased_Lightning_T4,Damage_Increased_Lightning,Any,,4,68,30.0,60.0,Percent,damage_increase_12_120,all
A_Damage_Increased_Lightning_T5,Damage_Increased_Lightning,Any,,5,76,24.0,48.0,Percent,damage_increase_12_120,all
A_Damage_Increased_Lightning_T6,Damage_Increased_Lightning,Any,,6,84,19.0,38.0,Percent,damage_increase_12_120,all
A_Damage_Increased_Lightning_T7,Damage_Increased_Lightning,Any,,7,92,15.0,30.0,Percent,damage_increase_12_120,all
A_Damage_Increased_Lightning_T8,Damage_Increased_Lightning,Any,,8,100,12.0,24.0,Percent,damage_increase_12_120,all
A_Damage_Increased_Fire_T1,Damage_Increased_Fire,Any,,1,44,60.0,120.0,Percent,damage_increase_12_120,all
A_Damage_Increased_Fire_T2,Damage_Increased_Fire,Any,,2,52,48.0,95.0,Percent,damage_increase_12_120,all
A_Damage_Increased_Fire_T3,Damage_Increased_Fire,Any,,3,60,38.0,76.0,Percent,damage_increase_12_120,all
A_Damage_Increased_Fire_T4,Damage_Increased_Fire,Any,,4,68,30.0,60.0,Percent,damage_increase_12_120,all
A_Damage_Increased_Fire_T5,Damage_Increased_Fire,Any,,5,76,24.0,48.0,Percent,damage_increase_12_120,all
A_Damage_Increased_Fire_T6,Damage_Increased_Fire,Any,,6,84,19.0,38.0,Percent,damage_increase_12_120,all
A_Damage_Increased_Fire_T7,Damage_Increased_Fire,Any,,7,92,15.0,30.0,Percent,damage_increase_12_120,all
A_Damage_Increased_Fire_T8,Damage_Increased_Fire,Any,,8,100,12.0,24.0,Percent,damage_increase_12_120,all
A_Damage_Increased_Cold_T1,Damage_Increased_Cold,Any,,1,44,60.0,120.0,Percent,damage_increase_12_120,all
A_Damage_Increased_Cold_T2,Damage_Increased_Cold,Any,,2,52,48.0,95.0,Percent,damage_increase_12_120,all
A_Damage_Increased_Cold_T3,Damage_Increased_Cold,Any,,3,60,38.0,76.0,Percent,damage_increase_12_120,all
A_Damage_Increased_Cold_T4,Damage_Increased_Cold,Any,,4,68,30.0,60.0,Percent,damage_increase_12_120,all
A_Damage_Increased_Cold_T5,Damage_Increased_Cold,Any,,5,76,24.0,48.0,Percent,damage_increase_12_120,all
A_Damage_Increased_Cold_T6,Damage_Increased_Cold,Any,,6,84,19.0,38.0,Percent,damage_increase_12_120,all
A_Damage_Increased_Cold_T7,Damage_Increased_Cold,Any,,7,92,15.0,30.0,Percent,damage_increase_12_120,all
A_Damage_Increased_Cold_T8,Damage_Increased_Cold,Any,,8,100,12.0,24.0,Percent,damage_increase_12_120,all
A_Damage_Increased_Physical_T1,Damage_Increased_Physical,Any,,1,44,60.0,120.0,Percent,damage_increase_12_120,all
A_Damage_Increased_Physical_T2,Damage_Increased_Physical,Any,,2,52,48.0,95.0,Percent,damage_increase_12_120,all
A_Damage_Increased_Physical_T3,Damage_Increased_Physical,Any,,3,60,38.0,76.0,Percent,damage_increase_12_120,all
A_Damage_Increased_Physical_T4,Damage_Increased_Physical,Any,,4,68,30.0,60.0,Percent,damage_increase_12_120,all
A_Damage_Increased_Physical_T5,Damage_Increased_Physical,Any,,5,76,24.0,48.0,Percent,damage_increase_12_120,all
A_Damage_Increased_Physical_T6,Damage_Increased_Physical,Any,,6,84,19.0,38.0,Percent,damage_increase_12_120,all
A_Damage_Increased_Physical_T7,Damage_Increased_Physical,Any,,7,92,15.0,30.0,Percent,damage_increase_12_120,all
A_Damage_Increased_Physical_T8,Damage_Increased_Physical,Any,,8,100,12.0,24.0,Percent,damage_increase_12_120,all
A_Damage_Increased_Corrosion_T1,Damage_Increased_Corrosion,Any,,1,44,60.0,120.0,Percent,damage_increase_12_120,all
A_Damage_Increased_Corrosion_T2,Damage_Increased_Corrosion,Any,,2,52,48.0,95.0,Percent,damage_increase_12_120,all
A_Damage_Increased_Corrosion_T3,Damage_Increased_Corrosion,Any,,3,60,38.0,76.0,Percent,damage_increase_12_120,all
A_Damage_Increased_Corrosion_T4,Damage_Increased_Corrosion,Any,,4,68,30.0,60.0,Percent,damage_increase_12_120,all
A_Damage_Increased_Corrosion_T5,Damage_Increased_Corrosion,Any,,5,76,24.0,48.0,Percent,damage_increase_12_120,all
A_Damage_Increased_Corrosion_T6,Damage_Increased_Corrosion,Any,,6,84,19.0,38.0,Percent,damage_increase_12_120,all
A_Damage_Increased_Corrosion_T7,Damage_Increased_Corrosion,Any,,7,92,15.0,30.0,Percent,damage_increase_12_120,all
A_Damage_Increased_Corrosion_T8,Damage_Increased_Corrosion,Any,,8,100,12.0,24.0,Percent,damage_increase_12_120,all
A_Damage_Increased_All_T1,Damage_Increased_All,Any,,1,26,60.0,120.0,Percent,damage_increase_12_120,all
A_Damage_Increased_All_T2,Damage_Increased_All,Any,,2,31,48.0,95.0,Percent,damage_increase_12_120,all
A_Damage_Increased_All_T3,Damage_Increased_All,Any,,3,36,38.0,76.0,Percent,damage_increase_12_120,all
A_Damage_Increased_All_T4,Damage_Increased_All,Any,,4,41,30.0,60.0,Percent,damage_increase_12_120,all
A_Damage_Increased_All_T5,Damage_Increased_All,Any,,5,46,24.0,48.0,Percent,damage_increase_12_120,all
A_Damage_Increased_All_T6,Damage_Increased_All,Any,,6,50,19.0,38.0,Percent,damage_increase_12_120,all
A_Damage_Increased_All_T7,Damage_Increased_All,Any,,7,55,15.0,30.0,Percent,damage_increase_12_120,all
A_Damage_Increased_All_T8,Damage_Increased_All,Any,,8,60,12.0,24.0,Percent,damage_increase_12_120,all
A_Damage_GainAs_Lightning_T1,Damage_GainAs_Lightning,Any,,1,18,15.0,30.0,Percent,gain_3_30,all
A_Damage_GainAs_Lightning_T2,Damage_GainAs_Lightning,Any,,2,24,12.0,24.0,Percent,gain_3_30,all
A_Damage_GainAs_Lightning_T3,Damage_GainAs_Lightning,Any,,3,30,9.0,19.0,Percent,gain_3_30,all
A_Damage_GainAs_Lightning_T4,Damage_GainAs_Lightning,Any,,4,36,8.0,15.0,Percent,gain_3_30,all
A_Damage_GainAs_Lightning_T5,Damage_GainAs_Lightning,Any,,5,42,6.0,12.0,Percent,gain_3_30,all
A_Damage_GainAs_Lightning_T6,Damage_GainAs_Lightning,Any,,6,48,5.0,10.0,Percent,gain_3_30,all
A_Damage_GainAs_Lightning_T7,Damage_GainAs_Lightning,Any,,7,54,4.0,8.0,Percent,gain_3_30,all
A_Damage_GainAs_Lightning_T8,Damage_GainAs_Lightning,Any,,8,60,3.0,6.0,Percent,gain_3_30,all
A_Damage_GainAs_Fire_T1,Damage_GainAs_Fire,Any,,1,18,15.0,30.0,Percent,gain_3_30,all
A_Damage_GainAs_Fire_T2,Damage_GainAs_Fire,Any,,2,24,12.0,24.0,Percent,gain_3_30,all
A_Damage_GainAs_Fire_T3,Damage_GainAs_Fire,Any,,3,30,9.0,19.0,Percent,gain_3_30,all
A_Damage_GainAs_Fire_T4,Damage_GainAs_Fire,Any,,4,36,8.0,15.0,Percent,gain_3_30,all
A_Damage_GainAs_Fire_T5,Damage_GainAs_Fire,Any,,5,42,6.0,12.0,Percent,gain_3_30,all
A_Damage_GainAs_Fire_T6,Damage_GainAs_Fire,Any,,6,48,5.0,10.0,Percent,gain_3_30,all
A_Damage_GainAs_Fire_T7,Damage_GainAs_Fire,Any,,7,54,4.0,8.0,Percent,gain_3_30,all
A_Damage_GainAs_Fire_T8,Damage_GainAs_Fire,Any,,8,60,3.0,6.0,Percent,gain_3_30,all
A_Damage_GainAs_Cold_T1,Damage_GainAs_Cold,Any,,1,18,15.0,30.0,Percent,gain_3_30,all
A_Damage_GainAs_Cold_T2,Damage_GainAs_Cold,Any,,2,24,12.0,24.0,Percent,gain_3_30,all
A_Damage_GainAs_Cold_T3,Damage_GainAs_Cold,Any,,3,30,9.0,19.0,Percent,gain_3_30,all
A_Damage_GainAs_Cold_T4,Damage_GainAs_Cold,Any,,4,36,8.0,15.0,Percent,gain_3_30,all
A_Damage_GainAs_Cold_T5,Damage_GainAs_Cold,Any,,5,42,6.0,12.0,Percent,gain_3_30,all
A_Damage_GainAs_Cold_T6,Damage_GainAs_Cold,Any,,6,48,5.0,10.0,Percent,gain_3_30,all
A_Damage_GainAs_Cold_T7,Damage_GainAs_Cold,Any,,7,54,4.0,8.0,Percent,gain_3_30,all
A_Damage_GainAs_Cold_T8,Damage_GainAs_Cold,Any,,8,60,3.0,6.0,Percent,gain_3_30,all
A_Damage_GainAs_Physical_T1,Damage_GainAs_Physical,Any,,1,18,15.0,30.0,Percent,gain_3_30,all
A_Damage_GainAs_Physical_T2,Damage_GainAs_Physical,Any,,2,24,12.0,24.0,Percent,gain_3_30,all
A_Damage_GainAs_Physical_T3,Damage_GainAs_Physical,Any,,3,30,9.0,19.0,Percent,gain_3_30,all
A_Damage_GainAs_Physical_T4,Damage_GainAs_Physical,Any,,4,36,8.0,15.0,Percent,gain_3_30,all
A_Damage_GainAs_Physical_T5,Damage_GainAs_Physical,Any,,5,42,6.0,12.0,Percent,gain_3_30,all
A_Damage_GainAs_Physical_T6,Damage_GainAs_Physical,Any,,6,48,5.0,10.0,Percent,gain_3_30,all
A_Damage_GainAs_Physical_T7,Damage_GainAs_Physical,Any,,7,54,4.0,8.0,Percent,gain_3_30,all
A_Damage_GainAs_Physical_T8,Damage_GainAs_Physical,Any,,8,60,3.0,6.0,Percent,gain_3_30,all
A_Damage_GainAs_Corrosion_T1,Damage_GainAs_Corrosion,Any,,1,18,15.0,30.0,Percent,gain_3_30,all
A_Damage_GainAs_Corrosion_T2,Damage_GainAs_Corrosion,Any,,2,24,12.0,24.0,Percent,gain_3_30,all
A_Damage_GainAs_Corrosion_T3,Damage_GainAs_Corrosion,Any,,3,30,9.0,19.0,Percent,gain_3_30,all
A_Damage_GainAs_Corrosion_T4,Damage_GainAs_Corrosion,Any,,4,36,8.0,15.0,Percent,gain_3_30,all
A_Damage_GainAs_Corrosion_T5,Damage_GainAs_Corrosion,Any,,5,42,6.0,12.0,Percent,gain_3_30,all
A_Damage_GainAs_Corrosion_T6,Damage_GainAs_Corrosion,Any,,6,48,5.0,10.0,Percent,gain_3_30,all
A_Damage_GainAs_Corrosion_T7,Damage_GainAs_Corrosion,Any,,7,54,4.0,8.0,Percent,gain_3_30,all
A_Damage_GainAs_Corrosion_T8,Damage_GainAs_Corrosion,Any,,8,60,3.0,6.0,Percent,gain_3_30,all
A_Pen_Lightning_T1,Damage_Penetration_Lightning,Any,,1,15,10.0,20.0,Percent,pen_double_2_20,all
A_Pen_Lightning_T2,Damage_Penetration_Lightning,Any,,2,20,8.0,16.0,Percent,pen_double_2_20,all
A_Pen_Lightning_T3,Damage_Penetration_Lightning,Any,,3,25,6.0,13.0,Percent,pen_double_2_20,all
A_Pen_Lightning_T4,Damage_Penetration_Lightning,Any,,4,30,5.0,10.0,Percent,pen_double_2_20,all
A_Pen_Lightning_T5,Damage_Penetration_Lightning,Any,,5,35,4.0,8.0,Percent,pen_double_2_20,all
A_Pen_Lightning_T6,Damage_Penetration_Lightning,Any,,6,40,3.0,6.0,Percent,pen_double_2_20,all
A_Pen_Lightning_T7,Damage_Penetration_Lightning,Any,,7,45,3.0,5.0,Percent,pen_double_2_20,all
A_Pen_Lightning_T8,Damage_Penetration_Lightning,Any,,8,50,2.0,4.0,Percent,pen_double_2_20,all
A_Pen_Fire_T1,Damage_Penetration_Fire,Any,,1,15,10.0,20.0,Percent,pen_double_2_20,all
A_Pen_Fire_T2,Damage_Penetration_Fire,Any,,2,20,8.0,16.0,Percent,pen_double_2_20,all
A_Pen_Fire_T3,Damage_Penetration_Fire,Any,,3,25,6.0,13.0,Percent,pen_double_2_20,all
A_Pen_Fire_T4,Damage_Penetration_Fire,Any,,4,30,5.0,10.0,Percent,pen_double_2_20,all
A_Pen_Fire_T5,Damage_Penetration_Fire,Any,,5,35,4.0,8.0,Percent,pen_double_2_20,all
A_Pen_Fire_T6,Damage_Penetration_Fire,Any,,6,40,3.0,6.0,Percent,pen_double_2_20,all
A_Pen_Fire_T7,Damage_Penetration_Fire,Any,,7,45,3.0,5.0,Percent,pen_double_2_20,all
A_Pen_Fire_T8,Damage_Penetration_Fire,Any,,8,50,2.0,4.0,Percent,pen_double_2_20,all
A_Pen_Cold_T1,Damage_Penetration_Cold,Any,,1,15,10.0,20.0,Percent,pen_double_2_20,all
A_Pen_Cold_T2,Damage_Penetration_Cold,Any,,2,20,8.0,16.0,Percent,pen_double_2_20,all
A_Pen_Cold_T3,Damage_Penetration_Cold,Any,,3,25,6.0,13.0,Percent,pen_double_2_20,all
A_Pen_Cold_T4,Damage_Penetration_Cold,Any,,4,30,5.0,10.0,Percent,pen_double_2_20,all
A_Pen_Cold_T5,Damage_Penetration_Cold,Any,,5,35,4.0,8.0,Percent,pen_double_2_20,all
A_Pen_Cold_T6,Damage_Penetration_Cold,Any,,6,40,3.0,6.0,Percent,pen_double_2_20,all
A_Pen_Cold_T7,Damage_Penetration_Cold,Any,,7,45,3.0,5.0,Percent,pen_double_2_20,all
A_Pen_Cold_T8,Damage_Penetration_Cold,Any,,8,50,2.0,4.0,Percent,pen_double_2_20,all
A_IgnoreArmor_T1,Damage_IgnoreArmor,Any,,1,15,10.0,20.0,Percent,pen_double_2_20,all
A_IgnoreArmor_T2,Damage_IgnoreArmor,Any,,2,20,8.0,16.0,Percent,pen_double_2_20,all
A_IgnoreArmor_T3,Damage_IgnoreArmor,Any,,3,25,6.0,13.0,Percent,pen_double_2_20,all
A_IgnoreArmor_T4,Damage_IgnoreArmor,Any,,4,30,5.0,10.0,Percent,pen_double_2_20,all
A_IgnoreArmor_T5,Damage_IgnoreArmor,Any,,5,35,4.0,8.0,Percent,pen_double_2_20,all
A_IgnoreArmor_T6,Damage_IgnoreArmor,Any,,6,40,3.0,6.0,Percent,pen_double_2_20,all
A_IgnoreArmor_T7,Damage_IgnoreArmor,Any,,7,45,3.0,5.0,Percent,pen_double_2_20,all
A_IgnoreArmor_T8,Damage_IgnoreArmor,Any,,8,50,2.0,4.0,Percent,pen_double_2_20,all
A_Pen_Corrosion_T1,Damage_Penetration_Corrosion,Any,,1,15,10.0,20.0,Percent,pen_double_2_20,all
A_Pen_Corrosion_T2,Damage_Penetration_Corrosion,Any,,2,20,8.0,16.0,Percent,pen_double_2_20,all
A_Pen_Corrosion_T3,Damage_Penetration_Corrosion,Any,,3,25,6.0,13.0,Percent,pen_double_2_20,all
A_Pen_Corrosion_T4,Damage_Penetration_Corrosion,Any,,4,30,5.0,10.0,Percent,pen_double_2_20,all
A_Pen_Corrosion_T5,Damage_Penetration_Corrosion,Any,,5,35,4.0,8.0,Percent,pen_double_2_20,all
A_Pen_Corrosion_T6,Damage_Penetration_Corrosion,Any,,6,40,3.0,6.0,Percent,pen_double_2_20,all
A_Pen_Corrosion_T7,Damage_Penetration_Corrosion,Any,,7,45,3.0,5.0,Percent,pen_double_2_20,all
A_Pen_Corrosion_T8,Damage_Penetration_Corrosion,Any,,8,50,2.0,4.0,Percent,pen_double_2_20,all
A_DoubleHit_Lightning_T1,Damage_DoubleHit_Lightning,Any,,1,7,10.0,20.0,ChancePercent,pen_double_2_20,all
A_DoubleHit_Lightning_T2,Damage_DoubleHit_Lightning,Any,,2,10,8.0,16.0,ChancePercent,pen_double_2_20,all
A_DoubleHit_Lightning_T3,Damage_DoubleHit_Lightning,Any,,3,12,6.0,13.0,ChancePercent,pen_double_2_20,all
A_DoubleHit_Lightning_T4,Damage_DoubleHit_Lightning,Any,,4,15,5.0,10.0,ChancePercent,pen_double_2_20,all
A_DoubleHit_Lightning_T5,Damage_DoubleHit_Lightning,Any,,5,18,4.0,8.0,ChancePercent,pen_double_2_20,all
A_DoubleHit_Lightning_T6,Damage_DoubleHit_Lightning,Any,,6,20,3.0,6.0,ChancePercent,pen_double_2_20,all
A_DoubleHit_Lightning_T7,Damage_DoubleHit_Lightning,Any,,7,22,3.0,5.0,ChancePercent,pen_double_2_20,all
A_DoubleHit_Lightning_T8,Damage_DoubleHit_Lightning,Any,,8,25,2.0,4.0,ChancePercent,pen_double_2_20,all
A_DoubleHit_Fire_T1,Damage_DoubleHit_Fire,Any,,1,7,10.0,20.0,ChancePercent,pen_double_2_20,all
A_DoubleHit_Fire_T2,Damage_DoubleHit_Fire,Any,,2,10,8.0,16.0,ChancePercent,pen_double_2_20,all
A_DoubleHit_Fire_T3,Damage_DoubleHit_Fire,Any,,3,12,6.0,13.0,ChancePercent,pen_double_2_20,all
A_DoubleHit_Fire_T4,Damage_DoubleHit_Fire,Any,,4,15,5.0,10.0,ChancePercent,pen_double_2_20,all
A_DoubleHit_Fire_T5,Damage_DoubleHit_Fire,Any,,5,18,4.0,8.0,ChancePercent,pen_double_2_20,all
A_DoubleHit_Fire_T6,Damage_DoubleHit_Fire,Any,,6,20,3.0,6.0,ChancePercent,pen_double_2_20,all
A_DoubleHit_Fire_T7,Damage_DoubleHit_Fire,Any,,7,22,3.0,5.0,ChancePercent,pen_double_2_20,all
A_DoubleHit_Fire_T8,Damage_DoubleHit_Fire,Any,,8,25,2.0,4.0,ChancePercent,pen_double_2_20,all
A_DoubleHit_Cold_T1,Damage_DoubleHit_Cold,Any,,1,7,10.0,20.0,ChancePercent,pen_double_2_20,all
A_DoubleHit_Cold_T2,Damage_DoubleHit_Cold,Any,,2,10,8.0,16.0,ChancePercent,pen_double_2_20,all
A_DoubleHit_Cold_T3,Damage_DoubleHit_Cold,Any,,3,12,6.0,13.0,ChancePercent,pen_double_2_20,all
A_DoubleHit_Cold_T4,Damage_DoubleHit_Cold,Any,,4,15,5.0,10.0,ChancePercent,pen_double_2_20,all
A_DoubleHit_Cold_T5,Damage_DoubleHit_Cold,Any,,5,18,4.0,8.0,ChancePercent,pen_double_2_20,all
A_DoubleHit_Cold_T6,Damage_DoubleHit_Cold,Any,,6,20,3.0,6.0,ChancePercent,pen_double_2_20,all
A_DoubleHit_Cold_T7,Damage_DoubleHit_Cold,Any,,7,22,3.0,5.0,ChancePercent,pen_double_2_20,all
A_DoubleHit_Cold_T8,Damage_DoubleHit_Cold,Any,,8,25,2.0,4.0,ChancePercent,pen_double_2_20,all
A_DoubleHit_Physical_T1,Damage_DoubleHit_Physical,Any,,1,7,10.0,20.0,ChancePercent,pen_double_2_20,all
A_DoubleHit_Physical_T2,Damage_DoubleHit_Physical,Any,,2,10,8.0,16.0,ChancePercent,pen_double_2_20,all
A_DoubleHit_Physical_T3,Damage_DoubleHit_Physical,Any,,3,12,6.0,13.0,ChancePercent,pen_double_2_20,all
A_DoubleHit_Physical_T4,Damage_DoubleHit_Physical,Any,,4,15,5.0,10.0,ChancePercent,pen_double_2_20,all
A_DoubleHit_Physical_T5,Damage_DoubleHit_Physical,Any,,5,18,4.0,8.0,ChancePercent,pen_double_2_20,all
A_DoubleHit_Physical_T6,Damage_DoubleHit_Physical,Any,,6,20,3.0,6.0,ChancePercent,pen_double_2_20,all
A_DoubleHit_Physical_T7,Damage_DoubleHit_Physical,Any,,7,22,3.0,5.0,ChancePercent,pen_double_2_20,all
A_DoubleHit_Physical_T8,Damage_DoubleHit_Physical,Any,,8,25,2.0,4.0,ChancePercent,pen_double_2_20,all
A_DoubleHit_Corrosion_T1,Damage_DoubleHit_Corrosion,Any,,1,7,10.0,20.0,ChancePercent,pen_double_2_20,all
A_DoubleHit_Corrosion_T2,Damage_DoubleHit_Corrosion,Any,,2,10,8.0,16.0,ChancePercent,pen_double_2_20,all
A_DoubleHit_Corrosion_T3,Damage_DoubleHit_Corrosion,Any,,3,12,6.0,13.0,ChancePercent,pen_double_2_20,all
A_DoubleHit_Corrosion_T4,Damage_DoubleHit_Corrosion,Any,,4,15,5.0,10.0,ChancePercent,pen_double_2_20,all
A_DoubleHit_Corrosion_T5,Damage_DoubleHit_Corrosion,Any,,5,18,4.0,8.0,ChancePercent,pen_double_2_20,all
A_DoubleHit_Corrosion_T6,Damage_DoubleHit_Corrosion,Any,,6,20,3.0,6.0,ChancePercent,pen_double_2_20,all
A_DoubleHit_Corrosion_T7,Damage_DoubleHit_Corrosion,Any,,7,22,3.0,5.0,ChancePercent,pen_double_2_20,all
A_DoubleHit_Corrosion_T8,Damage_DoubleHit_Corrosion,Any,,8,25,2.0,4.0,ChancePercent,pen_double_2_20,all
A_DoubleHit_All_T1,Damage_DoubleHit_All,Any,,1,3,10.0,20.0,ChancePercent,pen_double_2_20,all
A_DoubleHit_All_T2,Damage_DoubleHit_All,Any,,2,4,8.0,16.0,ChancePercent,pen_double_2_20,all
A_DoubleHit_All_T3,Damage_DoubleHit_All,Any,,3,5,6.0,13.0,ChancePercent,pen_double_2_20,all
A_DoubleHit_All_T4,Damage_DoubleHit_All,Any,,4,6,5.0,10.0,ChancePercent,pen_double_2_20,all
A_DoubleHit_All_T5,Damage_DoubleHit_All,Any,,5,7,4.0,8.0,ChancePercent,pen_double_2_20,all
A_DoubleHit_All_T6,Damage_DoubleHit_All,Any,,6,8,3.0,6.0,ChancePercent,pen_double_2_20,all
A_DoubleHit_All_T7,Damage_DoubleHit_All,Any,,7,9,3.0,5.0,ChancePercent,pen_double_2_20,all
A_DoubleHit_All_T8,Damage_DoubleHit_All,Any,,8,10,2.0,4.0,ChancePercent,pen_double_2_20,all
A_CritChance_T1,Crit_Chance,Any,,1,41,2.5,5.0,ChancePercent,crit_chance_0_5_5,all
A_CritChance_T2,Crit_Chance,Any,,2,45,2.0,4.0,ChancePercent,crit_chance_0_5_5,all
A_CritChance_T3,Crit_Chance,Any,,3,49,1.6,3.2,ChancePercent,crit_chance_0_5_5,all
A_CritChance_T4,Crit_Chance,Any,,4,53,1.3,2.5,ChancePercent,crit_chance_0_5_5,all
A_CritChance_T5,Crit_Chance,Any,,5,57,1.0,2.0,ChancePercent,crit_chance_0_5_5,all
A_CritChance_T6,Crit_Chance,Any,,6,62,0.8,1.6,ChancePercent,crit_chance_0_5_5,all
A_CritChance_T7,Crit_Chance,Any,,7,66,0.6,1.3,ChancePercent,crit_chance_0_5_5,all
A_CritChance_T8,Crit_Chance,Any,,8,70,0.5,1.0,ChancePercent,crit_chance_0_5_5,all
A_CritChanceInc_T1,Crit_Chance_Increased,Any,,1,21,100.0,160.0,Percent,inc_crit_25_160,all
A_CritChanceInc_T2,Crit_Chance_Increased,Any,,2,28,82.0,131.0,Percent,inc_crit_25_160,all
A_CritChanceInc_T3,Crit_Chance_Increased,Any,,3,35,67.0,108.0,Percent,inc_crit_25_160,all
A_CritChanceInc_T4,Crit_Chance_Increased,Any,,4,42,55.0,88.0,Percent,inc_crit_25_160,all
A_CritChanceInc_T5,Crit_Chance_Increased,Any,,5,49,45.0,72.0,Percent,inc_crit_25_160,all
A_CritChanceInc_T6,Crit_Chance_Increased,Any,,6,56,37.0,59.0,Percent,inc_crit_25_160,all
A_CritChanceInc_T7,Crit_Chance_Increased,Any,,7,63,30.0,49.0,Percent,inc_crit_25_160,all
A_CritChanceInc_T8,Crit_Chance_Increased,Any,,8,70,25.0,40.0,Percent,inc_crit_25_160,all
A_CritMulti_T1,Crit_Multiplier,Any,,1,15,40.0,60.0,Percent,crit_multi_12_60,all
A_CritMulti_T2,Crit_Multiplier,Any,,2,20,34.0,51.0,Percent,crit_multi_12_60,all
A_CritMulti_T3,Crit_Multiplier,Any,,3,25,28.0,44.0,Percent,crit_multi_12_60,all
A_CritMulti_T4,Crit_Multiplier,Any,,4,30,24.0,37.0,Percent,crit_multi_12_60,all
A_CritMulti_T5,Crit_Multiplier,Any,,5,35,20.0,32.0,Percent,crit_multi_12_60,all
A_CritMulti_T6,Crit_Multiplier,Any,,6,40,17.0,27.0,Percent,crit_multi_12_60,all
A_CritMulti_T7,Crit_Multiplier,Any,,7,45,14.0,23.0,Percent,crit_multi_12_60,all
A_CritMulti_T8,Crit_Multiplier,Any,,8,50,12.0,20.0,Percent,crit_multi_12_60,all
A_AilChance_Shock_T1,Ailment_Chance_Shock,Any,,1,35,16.0,24.0,ChancePercent,ail_chance_6_24,all
A_AilChance_Shock_T2,Ailment_Chance_Shock,Any,,2,38,14.0,21.0,ChancePercent,ail_chance_6_24,all
A_AilChance_Shock_T3,Ailment_Chance_Shock,Any,,3,42,12.0,19.0,ChancePercent,ail_chance_6_24,all
A_AilChance_Shock_T4,Ailment_Chance_Shock,Any,,4,46,11.0,16.0,ChancePercent,ail_chance_6_24,all
A_AilChance_Shock_T5,Ailment_Chance_Shock,Any,,5,49,9.0,15.0,ChancePercent,ail_chance_6_24,all
A_AilChance_Shock_T6,Ailment_Chance_Shock,Any,,6,53,8.0,13.0,ChancePercent,ail_chance_6_24,all
A_AilChance_Shock_T7,Ailment_Chance_Shock,Any,,7,56,7.0,11.0,ChancePercent,ail_chance_6_24,all
A_AilChance_Shock_T8,Ailment_Chance_Shock,Any,,8,60,6.0,10.0,ChancePercent,ail_chance_6_24,all
A_AilChance_Ignite_T1,Ailment_Chance_Ignite,Any,,1,35,16.0,24.0,ChancePercent,ail_chance_6_24,all
A_AilChance_Ignite_T2,Ailment_Chance_Ignite,Any,,2,38,14.0,21.0,ChancePercent,ail_chance_6_24,all
A_AilChance_Ignite_T3,Ailment_Chance_Ignite,Any,,3,42,12.0,19.0,ChancePercent,ail_chance_6_24,all
A_AilChance_Ignite_T4,Ailment_Chance_Ignite,Any,,4,46,11.0,16.0,ChancePercent,ail_chance_6_24,all
A_AilChance_Ignite_T5,Ailment_Chance_Ignite,Any,,5,49,9.0,15.0,ChancePercent,ail_chance_6_24,all
A_AilChance_Ignite_T6,Ailment_Chance_Ignite,Any,,6,53,8.0,13.0,ChancePercent,ail_chance_6_24,all
A_AilChance_Ignite_T7,Ailment_Chance_Ignite,Any,,7,56,7.0,11.0,ChancePercent,ail_chance_6_24,all
A_AilChance_Ignite_T8,Ailment_Chance_Ignite,Any,,8,60,6.0,10.0,ChancePercent,ail_chance_6_24,all
A_AilChance_Chill_T1,Ailment_Chance_Chill,Any,,1,35,16.0,24.0,ChancePercent,ail_chance_6_24,all
A_AilChance_Chill_T2,Ailment_Chance_Chill,Any,,2,38,14.0,21.0,ChancePercent,ail_chance_6_24,all
A_AilChance_Chill_T3,Ailment_Chance_Chill,Any,,3,42,12.0,19.0,ChancePercent,ail_chance_6_24,all
A_AilChance_Chill_T4,Ailment_Chance_Chill,Any,,4,46,11.0,16.0,ChancePercent,ail_chance_6_24,all
A_AilChance_Chill_T5,Ailment_Chance_Chill,Any,,5,49,9.0,15.0,ChancePercent,ail_chance_6_24,all
A_AilChance_Chill_T6,Ailment_Chance_Chill,Any,,6,53,8.0,13.0,ChancePercent,ail_chance_6_24,all
A_AilChance_Chill_T7,Ailment_Chance_Chill,Any,,7,56,7.0,11.0,ChancePercent,ail_chance_6_24,all
A_AilChance_Chill_T8,Ailment_Chance_Chill,Any,,8,60,6.0,10.0,ChancePercent,ail_chance_6_24,all
A_AilChance_Bleed_T1,Ailment_Chance_Bleed,Any,,1,35,16.0,24.0,ChancePercent,ail_chance_6_24,all
A_AilChance_Bleed_T2,Ailment_Chance_Bleed,Any,,2,38,14.0,21.0,ChancePercent,ail_chance_6_24,all
A_AilChance_Bleed_T3,Ailment_Chance_Bleed,Any,,3,42,12.0,19.0,ChancePercent,ail_chance_6_24,all
A_AilChance_Bleed_T4,Ailment_Chance_Bleed,Any,,4,46,11.0,16.0,ChancePercent,ail_chance_6_24,all
A_AilChance_Bleed_T5,Ailment_Chance_Bleed,Any,,5,49,9.0,15.0,ChancePercent,ail_chance_6_24,all
A_AilChance_Bleed_T6,Ailment_Chance_Bleed,Any,,6,53,8.0,13.0,ChancePercent,ail_chance_6_24,all
A_AilChance_Bleed_T7,Ailment_Chance_Bleed,Any,,7,56,7.0,11.0,ChancePercent,ail_chance_6_24,all
A_AilChance_Bleed_T8,Ailment_Chance_Bleed,Any,,8,60,6.0,10.0,ChancePercent,ail_chance_6_24,all
A_AilChance_Poison_T1,Ailment_Chance_Poison,Any,,1,35,16.0,24.0,ChancePercent,ail_chance_6_24,all
A_AilChance_Poison_T2,Ailment_Chance_Poison,Any,,2,38,14.0,21.0,ChancePercent,ail_chance_6_24,all
A_AilChance_Poison_T3,Ailment_Chance_Poison,Any,,3,42,12.0,19.0,ChancePercent,ail_chance_6_24,all
A_AilChance_Poison_T4,Ailment_Chance_Poison,Any,,4,46,11.0,16.0,ChancePercent,ail_chance_6_24,all
A_AilChance_Poison_T5,Ailment_Chance_Poison,Any,,5,49,9.0,15.0,ChancePercent,ail_chance_6_24,all
A_AilChance_Poison_T6,Ailment_Chance_Poison,Any,,6,53,8.0,13.0,ChancePercent,ail_chance_6_24,all
A_AilChance_Poison_T7,Ailment_Chance_Poison,Any,,7,56,7.0,11.0,ChancePercent,ail_chance_6_24,all
A_AilChance_Poison_T8,Ailment_Chance_Poison,Any,,8,60,6.0,10.0,ChancePercent,ail_chance_6_24,all
A_AilChance_All_T1,Ailment_Chance_All,Any,,1,15,16.0,24.0,ChancePercent,ail_chance_6_24,all
A_AilChance_All_T2,Ailment_Chance_All,Any,,2,16,14.0,21.0,ChancePercent,ail_chance_6_24,all
A_AilChance_All_T3,Ailment_Chance_All,Any,,3,18,12.0,19.0,ChancePercent,ail_chance_6_24,all
A_AilChance_All_T4,Ailment_Chance_All,Any,,4,19,11.0,16.0,ChancePercent,ail_chance_6_24,all
A_AilChance_All_T5,Ailment_Chance_All,Any,,5,20,9.0,15.0,ChancePercent,ail_chance_6_24,all
A_AilChance_All_T6,Ailment_Chance_All,Any,,6,22,8.0,13.0,ChancePercent,ail_chance_6_24,all
A_AilChance_All_T7,Ailment_Chance_All,Any,,7,24,7.0,11.0,ChancePercent,ail_chance_6_24,all
A_AilChance_All_T8,Ailment_Chance_All,Any,,8,25,6.0,10.0,ChancePercent,ail_chance_6_24,all
A_AilSpeed_ExtraShock_T1,Ailment_ExtraStack_Shock,Any,,1,12,32.0,48.0,ChancePercent,ail_speed_12_48,all
A_AilSpeed_ExtraShock_T2,Ailment_ExtraStack_Shock,Any,,2,16,28.0,42.0,ChancePercent,ail_speed_12_48,all
A_AilSpeed_ExtraShock_T3,Ailment_ExtraStack_Shock,Any,,3,20,24.0,36.0,ChancePercent,ail_speed_12_48,all
A_AilSpeed_ExtraShock_T4,Ailment_ExtraStack_Shock,Any,,4,24,21.0,32.0,ChancePercent,ail_speed_12_48,all
A_AilSpeed_ExtraShock_T5,Ailment_ExtraStack_Shock,Any,,5,28,18.0,27.0,ChancePercent,ail_speed_12_48,all
A_AilSpeed_ExtraShock_T6,Ailment_ExtraStack_Shock,Any,,6,32,16.0,24.0,ChancePercent,ail_speed_12_48,all
A_AilSpeed_ExtraShock_T7,Ailment_ExtraStack_Shock,Any,,7,36,14.0,21.0,ChancePercent,ail_speed_12_48,all
A_AilSpeed_ExtraShock_T8,Ailment_ExtraStack_Shock,Any,,8,40,12.0,18.0,ChancePercent,ail_speed_12_48,all
A_AilSpeed_FasterIgnite_T1,Ailment_Faster_Ignite,Any,,1,12,32.0,48.0,Percent,ail_speed_12_48,all
A_AilSpeed_FasterIgnite_T2,Ailment_Faster_Ignite,Any,,2,16,28.0,42.0,Percent,ail_speed_12_48,all
A_AilSpeed_FasterIgnite_T3,Ailment_Faster_Ignite,Any,,3,20,24.0,36.0,Percent,ail_speed_12_48,all
A_AilSpeed_FasterIgnite_T4,Ailment_Faster_Ignite,Any,,4,24,21.0,32.0,Percent,ail_speed_12_48,all
A_AilSpeed_FasterIgnite_T5,Ailment_Faster_Ignite,Any,,5,28,18.0,27.0,Percent,ail_speed_12_48,all
A_AilSpeed_FasterIgnite_T6,Ailment_Faster_Ignite,Any,,6,32,16.0,24.0,Percent,ail_speed_12_48,all
A_AilSpeed_FasterIgnite_T7,Ailment_Faster_Ignite,Any,,7,36,14.0,21.0,Percent,ail_speed_12_48,all
A_AilSpeed_FasterIgnite_T8,Ailment_Faster_Ignite,Any,,8,40,12.0,18.0,Percent,ail_speed_12_48,all
A_AilSpeed_ExtraChill_T1,Ailment_ExtraStack_Chill,Any,,1,12,32.0,48.0,ChancePercent,ail_speed_12_48,all
A_AilSpeed_ExtraChill_T2,Ailment_ExtraStack_Chill,Any,,2,16,28.0,42.0,ChancePercent,ail_speed_12_48,all
A_AilSpeed_ExtraChill_T3,Ailment_ExtraStack_Chill,Any,,3,20,24.0,36.0,ChancePercent,ail_speed_12_48,all
A_AilSpeed_ExtraChill_T4,Ailment_ExtraStack_Chill,Any,,4,24,21.0,32.0,ChancePercent,ail_speed_12_48,all
A_AilSpeed_ExtraChill_T5,Ailment_ExtraStack_Chill,Any,,5,28,18.0,27.0,ChancePercent,ail_speed_12_48,all
A_AilSpeed_ExtraChill_T6,Ailment_ExtraStack_Chill,Any,,6,32,16.0,24.0,ChancePercent,ail_speed_12_48,all
A_AilSpeed_ExtraChill_T7,Ailment_ExtraStack_Chill,Any,,7,36,14.0,21.0,ChancePercent,ail_speed_12_48,all
A_AilSpeed_ExtraChill_T8,Ailment_ExtraStack_Chill,Any,,8,40,12.0,18.0,ChancePercent,ail_speed_12_48,all
A_AilSpeed_FasterBleed_T1,Ailment_Faster_Bleed,Any,,1,12,32.0,48.0,Percent,ail_speed_12_48,all
A_AilSpeed_FasterBleed_T2,Ailment_Faster_Bleed,Any,,2,16,28.0,42.0,Percent,ail_speed_12_48,all
A_AilSpeed_FasterBleed_T3,Ailment_Faster_Bleed,Any,,3,20,24.0,36.0,Percent,ail_speed_12_48,all
A_AilSpeed_FasterBleed_T4,Ailment_Faster_Bleed,Any,,4,24,21.0,32.0,Percent,ail_speed_12_48,all
A_AilSpeed_FasterBleed_T5,Ailment_Faster_Bleed,Any,,5,28,18.0,27.0,Percent,ail_speed_12_48,all
A_AilSpeed_FasterBleed_T6,Ailment_Faster_Bleed,Any,,6,32,16.0,24.0,Percent,ail_speed_12_48,all
A_AilSpeed_FasterBleed_T7,Ailment_Faster_Bleed,Any,,7,36,14.0,21.0,Percent,ail_speed_12_48,all
A_AilSpeed_FasterBleed_T8,Ailment_Faster_Bleed,Any,,8,40,12.0,18.0,Percent,ail_speed_12_48,all
A_AilSpeed_FasterCorrosion_T1,Ailment_Faster_Corrosion,Any,,1,12,32.0,48.0,Percent,ail_speed_12_48,all
A_AilSpeed_FasterCorrosion_T2,Ailment_Faster_Corrosion,Any,,2,16,28.0,42.0,Percent,ail_speed_12_48,all
A_AilSpeed_FasterCorrosion_T3,Ailment_Faster_Corrosion,Any,,3,20,24.0,36.0,Percent,ail_speed_12_48,all
A_AilSpeed_FasterCorrosion_T4,Ailment_Faster_Corrosion,Any,,4,24,21.0,32.0,Percent,ail_speed_12_48,all
A_AilSpeed_FasterCorrosion_T5,Ailment_Faster_Corrosion,Any,,5,28,18.0,27.0,Percent,ail_speed_12_48,all
A_AilSpeed_FasterCorrosion_T6,Ailment_Faster_Corrosion,Any,,6,32,16.0,24.0,Percent,ail_speed_12_48,all
A_AilSpeed_FasterCorrosion_T7,Ailment_Faster_Corrosion,Any,,7,36,14.0,21.0,Percent,ail_speed_12_48,all
A_AilSpeed_FasterCorrosion_T8,Ailment_Faster_Corrosion,Any,,8,40,12.0,18.0,Percent,ail_speed_12_48,all
A_AilDuration_Generic_T1,Ailment_Duration_Generic,Any,,1,12,52.0,72.0,Percent,buff_duration_20_72,all
A_AilDuration_Generic_T2,Ailment_Duration_Generic,Any,,2,13,45.0,63.0,Percent,buff_duration_20_72,all
A_AilDuration_Generic_T3,Ailment_Duration_Generic,Any,,3,14,40.0,55.0,Percent,buff_duration_20_72,all
A_AilDuration_Generic_T4,Ailment_Duration_Generic,Any,,4,15,35.0,48.0,Percent,buff_duration_20_72,all
A_AilDuration_Generic_T5,Ailment_Duration_Generic,Any,,5,16,30.0,42.0,Percent,buff_duration_20_72,all
A_AilDuration_Generic_T6,Ailment_Duration_Generic,Any,,6,18,26.0,37.0,Percent,buff_duration_20_72,all
A_AilDuration_Generic_T7,Ailment_Duration_Generic,Any,,7,19,23.0,32.0,Percent,buff_duration_20_72,all
A_AilDuration_Generic_T8,Ailment_Duration_Generic,Any,,8,20,20.0,28.0,Percent,buff_duration_20_72,all
A_AilEffect_Shock_T1,Ailment_Effect_Shock,Any,,1,22,24.0,36.0,Percent,ail_effect_8_36,all
A_AilEffect_Shock_T2,Ailment_Effect_Shock,Any,,2,26,21.0,31.0,Percent,ail_effect_8_36,all
A_AilEffect_Shock_T3,Ailment_Effect_Shock,Any,,3,30,18.0,26.0,Percent,ail_effect_8_36,all
A_AilEffect_Shock_T4,Ailment_Effect_Shock,Any,,4,34,15.0,22.0,Percent,ail_effect_8_36,all
A_AilEffect_Shock_T5,Ailment_Effect_Shock,Any,,5,38,13.0,19.0,Percent,ail_effect_8_36,all
A_AilEffect_Shock_T6,Ailment_Effect_Shock,Any,,6,42,11.0,16.0,Percent,ail_effect_8_36,all
A_AilEffect_Shock_T7,Ailment_Effect_Shock,Any,,7,46,9.0,14.0,Percent,ail_effect_8_36,all
A_AilEffect_Shock_T8,Ailment_Effect_Shock,Any,,8,50,8.0,12.0,Percent,ail_effect_8_36,all
A_AilEffect_Ignite_T1,Ailment_Effect_Ignite,Any,,1,22,24.0,36.0,Percent,ail_effect_8_36,all
A_AilEffect_Ignite_T2,Ailment_Effect_Ignite,Any,,2,26,21.0,31.0,Percent,ail_effect_8_36,all
A_AilEffect_Ignite_T3,Ailment_Effect_Ignite,Any,,3,30,18.0,26.0,Percent,ail_effect_8_36,all
A_AilEffect_Ignite_T4,Ailment_Effect_Ignite,Any,,4,34,15.0,22.0,Percent,ail_effect_8_36,all
A_AilEffect_Ignite_T5,Ailment_Effect_Ignite,Any,,5,38,13.0,19.0,Percent,ail_effect_8_36,all
A_AilEffect_Ignite_T6,Ailment_Effect_Ignite,Any,,6,42,11.0,16.0,Percent,ail_effect_8_36,all
A_AilEffect_Ignite_T7,Ailment_Effect_Ignite,Any,,7,46,9.0,14.0,Percent,ail_effect_8_36,all
A_AilEffect_Ignite_T8,Ailment_Effect_Ignite,Any,,8,50,8.0,12.0,Percent,ail_effect_8_36,all
A_AilEffect_Chill_T1,Ailment_Effect_Chill,Any,,1,22,24.0,36.0,Percent,ail_effect_8_36,all
A_AilEffect_Chill_T2,Ailment_Effect_Chill,Any,,2,26,21.0,31.0,Percent,ail_effect_8_36,all
A_AilEffect_Chill_T3,Ailment_Effect_Chill,Any,,3,30,18.0,26.0,Percent,ail_effect_8_36,all
A_AilEffect_Chill_T4,Ailment_Effect_Chill,Any,,4,34,15.0,22.0,Percent,ail_effect_8_36,all
A_AilEffect_Chill_T5,Ailment_Effect_Chill,Any,,5,38,13.0,19.0,Percent,ail_effect_8_36,all
A_AilEffect_Chill_T6,Ailment_Effect_Chill,Any,,6,42,11.0,16.0,Percent,ail_effect_8_36,all
A_AilEffect_Chill_T7,Ailment_Effect_Chill,Any,,7,46,9.0,14.0,Percent,ail_effect_8_36,all
A_AilEffect_Chill_T8,Ailment_Effect_Chill,Any,,8,50,8.0,12.0,Percent,ail_effect_8_36,all
A_AilEffect_Bleed_T1,Ailment_Effect_Bleed,Any,,1,22,24.0,36.0,Percent,ail_effect_8_36,all
A_AilEffect_Bleed_T2,Ailment_Effect_Bleed,Any,,2,26,21.0,31.0,Percent,ail_effect_8_36,all
A_AilEffect_Bleed_T3,Ailment_Effect_Bleed,Any,,3,30,18.0,26.0,Percent,ail_effect_8_36,all
A_AilEffect_Bleed_T4,Ailment_Effect_Bleed,Any,,4,34,15.0,22.0,Percent,ail_effect_8_36,all
A_AilEffect_Bleed_T5,Ailment_Effect_Bleed,Any,,5,38,13.0,19.0,Percent,ail_effect_8_36,all
A_AilEffect_Bleed_T6,Ailment_Effect_Bleed,Any,,6,42,11.0,16.0,Percent,ail_effect_8_36,all
A_AilEffect_Bleed_T7,Ailment_Effect_Bleed,Any,,7,46,9.0,14.0,Percent,ail_effect_8_36,all
A_AilEffect_Bleed_T8,Ailment_Effect_Bleed,Any,,8,50,8.0,12.0,Percent,ail_effect_8_36,all
A_AilEffect_Poison_T1,Ailment_Effect_Poison,Any,,1,22,24.0,36.0,Percent,ail_effect_8_36,all
A_AilEffect_Poison_T2,Ailment_Effect_Poison,Any,,2,26,21.0,31.0,Percent,ail_effect_8_36,all
A_AilEffect_Poison_T3,Ailment_Effect_Poison,Any,,3,30,18.0,26.0,Percent,ail_effect_8_36,all
A_AilEffect_Poison_T4,Ailment_Effect_Poison,Any,,4,34,15.0,22.0,Percent,ail_effect_8_36,all
A_AilEffect_Poison_T5,Ailment_Effect_Poison,Any,,5,38,13.0,19.0,Percent,ail_effect_8_36,all
A_AilEffect_Poison_T6,Ailment_Effect_Poison,Any,,6,42,11.0,16.0,Percent,ail_effect_8_36,all
A_AilEffect_Poison_T7,Ailment_Effect_Poison,Any,,7,46,9.0,14.0,Percent,ail_effect_8_36,all
A_AilEffect_Poison_T8,Ailment_Effect_Poison,Any,,8,50,8.0,12.0,Percent,ail_effect_8_36,all
A_AilEffect_All_T1,Ailment_Effect_All,Any,,1,11,24.0,36.0,Percent,ail_effect_8_36,all
A_AilEffect_All_T2,Ailment_Effect_All,Any,,2,13,21.0,31.0,Percent,ail_effect_8_36,all
A_AilEffect_All_T3,Ailment_Effect_All,Any,,3,15,18.0,26.0,Percent,ail_effect_8_36,all
A_AilEffect_All_T4,Ailment_Effect_All,Any,,4,17,15.0,22.0,Percent,ail_effect_8_36,all
A_AilEffect_All_T5,Ailment_Effect_All,Any,,5,19,13.0,19.0,Percent,ail_effect_8_36,all
A_AilEffect_All_T6,Ailment_Effect_All,Any,,6,21,11.0,16.0,Percent,ail_effect_8_36,all
A_AilEffect_All_T7,Ailment_Effect_All,Any,,7,23,9.0,14.0,Percent,ail_effect_8_36,all
A_AilEffect_All_T8,Ailment_Effect_All,Any,,8,25,8.0,12.0,Percent,ail_effect_8_36,all
A_AilSpreadArea_T1,Ailment_SpreadArea,Any,,1,3,52.0,72.0,Percent,ail_spread_area_20_72,all
A_AilSpreadArea_T2,Ailment_SpreadArea,Any,,2,6,45.0,63.0,Percent,ail_spread_area_20_72,all
A_AilSpreadArea_T3,Ailment_SpreadArea,Any,,3,8,40.0,55.0,Percent,ail_spread_area_20_72,all
A_AilSpreadArea_T4,Ailment_SpreadArea,Any,,4,10,35.0,48.0,Percent,ail_spread_area_20_72,all
A_AilSpreadArea_T5,Ailment_SpreadArea,Any,,5,13,30.0,42.0,Percent,ail_spread_area_20_72,all
A_AilSpreadArea_T6,Ailment_SpreadArea,Any,,6,15,26.0,37.0,Percent,ail_spread_area_20_72,all
A_AilSpreadArea_T7,Ailment_SpreadArea,Any,,7,18,23.0,32.0,Percent,ail_spread_area_20_72,all
A_AilSpreadArea_T8,Ailment_SpreadArea,Any,,8,20,20.0,28.0,Percent,ail_spread_area_20_72,all
A_Def_Evasion_T1,Defense_Flat_Evasion,Any,,1,35,180.0,360.0,FlatNumber,flat_defense_30_360,all
A_Def_Evasion_T2,Defense_Flat_Evasion,Any,,2,42,139.0,279.0,FlatNumber,flat_defense_30_360,all
A_Def_Evasion_T3,Defense_Flat_Evasion,Any,,3,48,108.0,216.0,FlatNumber,flat_defense_30_360,all
A_Def_Evasion_T4,Defense_Flat_Evasion,Any,,4,54,84.0,167.0,FlatNumber,flat_defense_30_360,all
A_Def_Evasion_T5,Defense_Flat_Evasion,Any,,5,61,65.0,129.0,FlatNumber,flat_defense_30_360,all
A_Def_Evasion_T6,Defense_Flat_Evasion,Any,,6,67,50.0,100.0,FlatNumber,flat_defense_30_360,all
A_Def_Evasion_T7,Defense_Flat_Evasion,Any,,7,74,39.0,78.0,FlatNumber,flat_defense_30_360,all
A_Def_Evasion_T8,Defense_Flat_Evasion,Any,,8,80,30.0,60.0,FlatNumber,flat_defense_30_360,all
A_Def_Health_T1,Defense_Flat_Health,Any,,1,35,150.0,300.0,FlatNumber,flat_health_25_300,all
A_Def_Health_T2,Defense_Flat_Health,Any,,2,42,116.0,232.0,FlatNumber,flat_health_25_300,all
A_Def_Health_T3,Defense_Flat_Health,Any,,3,48,90.0,180.0,FlatNumber,flat_health_25_300,all
A_Def_Health_T4,Defense_Flat_Health,Any,,4,54,70.0,139.0,FlatNumber,flat_health_25_300,all
A_Def_Health_T5,Defense_Flat_Health,Any,,5,61,54.0,108.0,FlatNumber,flat_health_25_300,all
A_Def_Health_T6,Defense_Flat_Health,Any,,6,67,42.0,83.0,FlatNumber,flat_health_25_300,all
A_Def_Health_T7,Defense_Flat_Health,Any,,7,74,32.0,65.0,FlatNumber,flat_health_25_300,all
A_Def_Health_T8,Defense_Flat_Health,Any,,8,80,25.0,50.0,FlatNumber,flat_health_25_300,all
A_Def_Barrier_T1,Defense_Flat_Barrier,Any,,1,35,180.0,360.0,FlatNumber,flat_defense_30_360,all
A_Def_Barrier_T2,Defense_Flat_Barrier,Any,,2,42,139.0,279.0,FlatNumber,flat_defense_30_360,all
A_Def_Barrier_T3,Defense_Flat_Barrier,Any,,3,48,108.0,216.0,FlatNumber,flat_defense_30_360,all
A_Def_Barrier_T4,Defense_Flat_Barrier,Any,,4,54,84.0,167.0,FlatNumber,flat_defense_30_360,all
A_Def_Barrier_T5,Defense_Flat_Barrier,Any,,5,61,65.0,129.0,FlatNumber,flat_defense_30_360,all
A_Def_Barrier_T6,Defense_Flat_Barrier,Any,,6,67,50.0,100.0,FlatNumber,flat_defense_30_360,all
A_Def_Barrier_T7,Defense_Flat_Barrier,Any,,7,74,39.0,78.0,FlatNumber,flat_defense_30_360,all
A_Def_Barrier_T8,Defense_Flat_Barrier,Any,,8,80,30.0,60.0,FlatNumber,flat_defense_30_360,all
A_Def_Armor_T1,Defense_Flat_Armor,Any,,1,35,180.0,360.0,FlatNumber,flat_defense_30_360,all
A_Def_Armor_T2,Defense_Flat_Armor,Any,,2,42,139.0,279.0,FlatNumber,flat_defense_30_360,all
A_Def_Armor_T3,Defense_Flat_Armor,Any,,3,48,108.0,216.0,FlatNumber,flat_defense_30_360,all
A_Def_Armor_T4,Defense_Flat_Armor,Any,,4,54,84.0,167.0,FlatNumber,flat_defense_30_360,all
A_Def_Armor_T5,Defense_Flat_Armor,Any,,5,61,65.0,129.0,FlatNumber,flat_defense_30_360,all
A_Def_Armor_T6,Defense_Flat_Armor,Any,,6,67,50.0,100.0,FlatNumber,flat_defense_30_360,all
A_Def_Armor_T7,Defense_Flat_Armor,Any,,7,74,39.0,78.0,FlatNumber,flat_defense_30_360,all
A_Def_Armor_T8,Defense_Flat_Armor,Any,,8,80,30.0,60.0,FlatNumber,flat_defense_30_360,all
A_Def_Leech_T1,Defense_LifeLeech,Any,,1,18,5.0,8.0,Percent,life_leech_1_8,all
A_Def_Leech_T2,Defense_LifeLeech,Any,,2,21,4.0,7.0,Percent,life_leech_1_8,all
A_Def_Leech_T3,Defense_LifeLeech,Any,,3,24,3.0,5.0,Percent,life_leech_1_8,all
A_Def_Leech_T4,Defense_LifeLeech,Any,,4,27,3.0,4.0,Percent,life_leech_1_8,all
A_Def_Leech_T5,Defense_LifeLeech,Any,,5,30,2.0,4.0,Percent,life_leech_1_8,all
A_Def_Leech_T6,Defense_LifeLeech,Any,,6,34,2.0,3.0,Percent,life_leech_1_8,all
A_Def_Leech_T7,Defense_LifeLeech,Any,,7,37,1.0,2.0,Percent,life_leech_1_8,all
A_Def_Leech_T8,Defense_LifeLeech,Any,,8,40,1.0,2.0,Percent,life_leech_1_8,all
A_Def_Res_Light_T1,Defense_Resist_Lightning,Any,,1,40,18.0,30.0,FlatNumber,resist_3_30,all
A_Def_Res_Light_T2,Defense_Resist_Lightning,Any,,2,47,14.0,24.0,FlatNumber,resist_3_30,all
A_Def_Res_Light_T3,Defense_Resist_Lightning,Any,,3,54,11.0,19.0,FlatNumber,resist_3_30,all
A_Def_Res_Light_T4,Defense_Resist_Lightning,Any,,4,61,8.0,15.0,FlatNumber,resist_3_30,all
A_Def_Res_Light_T5,Defense_Resist_Lightning,Any,,5,68,6.0,12.0,FlatNumber,resist_3_30,all
A_Def_Res_Light_T6,Defense_Resist_Lightning,Any,,6,76,5.0,10.0,FlatNumber,resist_3_30,all
A_Def_Res_Light_T7,Defense_Resist_Lightning,Any,,7,83,4.0,8.0,FlatNumber,resist_3_30,all
A_Def_Res_Light_T8,Defense_Resist_Lightning,Any,,8,90,3.0,6.0,FlatNumber,resist_3_30,all
A_Def_Res_Fire_T1,Defense_Resist_Fire,Any,,1,40,18.0,30.0,FlatNumber,resist_3_30,all
A_Def_Res_Fire_T2,Defense_Resist_Fire,Any,,2,47,14.0,24.0,FlatNumber,resist_3_30,all
A_Def_Res_Fire_T3,Defense_Resist_Fire,Any,,3,54,11.0,19.0,FlatNumber,resist_3_30,all
A_Def_Res_Fire_T4,Defense_Resist_Fire,Any,,4,61,8.0,15.0,FlatNumber,resist_3_30,all
A_Def_Res_Fire_T5,Defense_Resist_Fire,Any,,5,68,6.0,12.0,FlatNumber,resist_3_30,all
A_Def_Res_Fire_T6,Defense_Resist_Fire,Any,,6,76,5.0,10.0,FlatNumber,resist_3_30,all
A_Def_Res_Fire_T7,Defense_Resist_Fire,Any,,7,83,4.0,8.0,FlatNumber,resist_3_30,all
A_Def_Res_Fire_T8,Defense_Resist_Fire,Any,,8,90,3.0,6.0,FlatNumber,resist_3_30,all
A_Def_Res_Cold_T1,Defense_Resist_Cold,Any,,1,40,18.0,30.0,FlatNumber,resist_3_30,all
A_Def_Res_Cold_T2,Defense_Resist_Cold,Any,,2,47,14.0,24.0,FlatNumber,resist_3_30,all
A_Def_Res_Cold_T3,Defense_Resist_Cold,Any,,3,54,11.0,19.0,FlatNumber,resist_3_30,all
A_Def_Res_Cold_T4,Defense_Resist_Cold,Any,,4,61,8.0,15.0,FlatNumber,resist_3_30,all
A_Def_Res_Cold_T5,Defense_Resist_Cold,Any,,5,68,6.0,12.0,FlatNumber,resist_3_30,all
A_Def_Res_Cold_T6,Defense_Resist_Cold,Any,,6,76,5.0,10.0,FlatNumber,resist_3_30,all
A_Def_Res_Cold_T7,Defense_Resist_Cold,Any,,7,83,4.0,8.0,FlatNumber,resist_3_30,all
A_Def_Res_Cold_T8,Defense_Resist_Cold,Any,,8,90,3.0,6.0,FlatNumber,resist_3_30,all
A_Def_Res_Corr_T1,Defense_Resist_Corrosion,Any,,1,40,18.0,30.0,FlatNumber,resist_3_30,all
A_Def_Res_Corr_T2,Defense_Resist_Corrosion,Any,,2,47,14.0,24.0,FlatNumber,resist_3_30,all
A_Def_Res_Corr_T3,Defense_Resist_Corrosion,Any,,3,54,11.0,19.0,FlatNumber,resist_3_30,all
A_Def_Res_Corr_T4,Defense_Resist_Corrosion,Any,,4,61,8.0,15.0,FlatNumber,resist_3_30,all
A_Def_Res_Corr_T5,Defense_Resist_Corrosion,Any,,5,68,6.0,12.0,FlatNumber,resist_3_30,all
A_Def_Res_Corr_T6,Defense_Resist_Corrosion,Any,,6,76,5.0,10.0,FlatNumber,resist_3_30,all
A_Def_Res_Corr_T7,Defense_Resist_Corrosion,Any,,7,83,4.0,8.0,FlatNumber,resist_3_30,all
A_Def_Res_Corr_T8,Defense_Resist_Corrosion,Any,,8,90,3.0,6.0,FlatNumber,resist_3_30,all
A_Def_ArmorToNonPhys_T1,Defense_ArmorToNonPhysical,Any,,1,6,10.0,20.0,Percent,pen_double_2_20,all
A_Def_ArmorToNonPhys_T2,Defense_ArmorToNonPhysical,Any,,2,8,8.0,16.0,Percent,pen_double_2_20,all
A_Def_ArmorToNonPhys_T3,Defense_ArmorToNonPhysical,Any,,3,10,6.0,13.0,Percent,pen_double_2_20,all
A_Def_ArmorToNonPhys_T4,Defense_ArmorToNonPhysical,Any,,4,12,5.0,10.0,Percent,pen_double_2_20,all
A_Def_ArmorToNonPhys_T5,Defense_ArmorToNonPhysical,Any,,5,14,4.0,8.0,Percent,pen_double_2_20,all
A_Def_ArmorToNonPhys_T6,Defense_ArmorToNonPhysical,Any,,6,16,3.0,6.0,Percent,pen_double_2_20,all
A_Def_ArmorToNonPhys_T7,Defense_ArmorToNonPhysical,Any,,7,18,3.0,5.0,Percent,pen_double_2_20,all
A_Def_ArmorToNonPhys_T8,Defense_ArmorToNonPhysical,Any,,8,20,2.0,4.0,Percent,pen_double_2_20,all
A_Melee_IncreasedDamage_T1,Melee_IncreasedDamage,Any,Warrior,1,31,60.0,120.0,Percent,damage_increase_12_120,all
A_Melee_IncreasedDamage_T2,Melee_IncreasedDamage,Any,Warrior,2,36,48.0,95.0,Percent,damage_increase_12_120,all
A_Melee_IncreasedDamage_T3,Melee_IncreasedDamage,Any,Warrior,3,42,38.0,76.0,Percent,damage_increase_12_120,all
A_Melee_IncreasedDamage_T4,Melee_IncreasedDamage,Any,Warrior,4,48,30.0,60.0,Percent,damage_increase_12_120,all
A_Melee_IncreasedDamage_T5,Melee_IncreasedDamage,Any,Warrior,5,53,24.0,48.0,Percent,damage_increase_12_120,all
A_Melee_IncreasedDamage_T6,Melee_IncreasedDamage,Any,Warrior,6,59,19.0,38.0,Percent,damage_increase_12_120,all
A_Melee_IncreasedDamage_T7,Melee_IncreasedDamage,Any,Warrior,7,64,15.0,30.0,Percent,damage_increase_12_120,all
A_Melee_IncreasedDamage_T8,Melee_IncreasedDamage,Any,Warrior,8,70,12.0,24.0,Percent,damage_increase_12_120,all
A_Melee_AttackSpeed_T1,Melee_AttackSpeed,Any,Warrior,1,31,36.0,60.0,Percent,attack_cast_speed_12_60,all
A_Melee_AttackSpeed_T2,Melee_AttackSpeed,Any,Warrior,2,36,31.0,51.0,Percent,attack_cast_speed_12_60,all
A_Melee_AttackSpeed_T3,Melee_AttackSpeed,Any,Warrior,3,42,26.0,43.0,Percent,attack_cast_speed_12_60,all
A_Melee_AttackSpeed_T4,Melee_AttackSpeed,Any,Warrior,4,48,22.0,36.0,Percent,attack_cast_speed_12_60,all
A_Melee_AttackSpeed_T5,Melee_AttackSpeed,Any,Warrior,5,53,19.0,30.0,Percent,attack_cast_speed_12_60,all
A_Melee_AttackSpeed_T6,Melee_AttackSpeed,Any,Warrior,6,59,16.0,25.0,Percent,attack_cast_speed_12_60,all
A_Melee_AttackSpeed_T7,Melee_AttackSpeed,Any,Warrior,7,64,14.0,21.0,Percent,attack_cast_speed_12_60,all
A_Melee_AttackSpeed_T8,Melee_AttackSpeed,Any,Warrior,8,70,12.0,18.0,Percent,attack_cast_speed_12_60,all
A_Melee_AreaOfEffect_T1,Melee_AreaOfEffect,Any,Warrior,1,29,52.0,72.0,Percent,aoe_20_72,all
A_Melee_AreaOfEffect_T2,Melee_AreaOfEffect,Any,Warrior,2,32,45.0,63.0,Percent,aoe_20_72,all
A_Melee_AreaOfEffect_T3,Melee_AreaOfEffect,Any,Warrior,3,35,40.0,55.0,Percent,aoe_20_72,all
A_Melee_AreaOfEffect_T4,Melee_AreaOfEffect,Any,Warrior,4,38,35.0,48.0,Percent,aoe_20_72,all
A_Melee_AreaOfEffect_T5,Melee_AreaOfEffect,Any,Warrior,5,41,30.0,42.0,Percent,aoe_20_72,all
A_Melee_AreaOfEffect_T6,Melee_AreaOfEffect,Any,Warrior,6,44,26.0,37.0,Percent,aoe_20_72,all
A_Melee_AreaOfEffect_T7,Melee_AreaOfEffect,Any,Warrior,7,47,23.0,32.0,Percent,aoe_20_72,all
A_Melee_AreaOfEffect_T8,Melee_AreaOfEffect,Any,Warrior,8,50,20.0,28.0,Percent,aoe_20_72,all
A_Block_Chance_T1,Block_Chance,Any,Warrior,1,18,18.0,30.0,ChancePercent,block_chance_3_30,all
A_Block_Chance_T2,Block_Chance,Any,Warrior,2,21,14.0,24.0,ChancePercent,block_chance_3_30,all
A_Block_Chance_T3,Block_Chance,Any,Warrior,3,24,11.0,19.0,ChancePercent,block_chance_3_30,all
A_Block_Chance_T4,Block_Chance,Any,Warrior,4,27,8.0,15.0,ChancePercent,block_chance_3_30,all
A_Block_Chance_T5,Block_Chance,Any,Warrior,5,30,6.0,12.0,ChancePercent,block_chance_3_30,all
A_Block_Chance_T6,Block_Chance,Any,Warrior,6,34,5.0,10.0,ChancePercent,block_chance_3_30,all
A_Block_Chance_T7,Block_Chance,Any,Warrior,7,37,4.0,8.0,ChancePercent,block_chance_3_30,all
A_Block_Chance_T8,Block_Chance,Any,Warrior,8,40,3.0,6.0,ChancePercent,block_chance_3_30,all
A_Block_ChanceInc_T1,Block_Chance_Increased,Any,Warrior,1,12,100.0,160.0,Percent,inc_crit_25_160,all
A_Block_ChanceInc_T2,Block_Chance_Increased,Any,Warrior,2,16,82.0,131.0,Percent,inc_crit_25_160,all
A_Block_ChanceInc_T3,Block_Chance_Increased,Any,Warrior,3,20,67.0,108.0,Percent,inc_crit_25_160,all
A_Block_ChanceInc_T4,Block_Chance_Increased,Any,Warrior,4,24,55.0,88.0,Percent,inc_crit_25_160,all
A_Block_ChanceInc_T5,Block_Chance_Increased,Any,Warrior,5,28,45.0,72.0,Percent,inc_crit_25_160,all
A_Block_ChanceInc_T6,Block_Chance_Increased,Any,Warrior,6,32,37.0,59.0,Percent,inc_crit_25_160,all
A_Block_ChanceInc_T7,Block_Chance_Increased,Any,Warrior,7,36,30.0,49.0,Percent,inc_crit_25_160,all
A_Block_ChanceInc_T8,Block_Chance_Increased,Any,Warrior,8,40,25.0,40.0,Percent,inc_crit_25_160,all
A_Ranged_IncreasedDamage_T1,Ranged_IncreasedDamage,Any,Rogue,1,31,60.0,120.0,Percent,damage_increase_12_120,all
A_Ranged_IncreasedDamage_T2,Ranged_IncreasedDamage,Any,Rogue,2,36,48.0,95.0,Percent,damage_increase_12_120,all
A_Ranged_IncreasedDamage_T3,Ranged_IncreasedDamage,Any,Rogue,3,42,38.0,76.0,Percent,damage_increase_12_120,all
A_Ranged_IncreasedDamage_T4,Ranged_IncreasedDamage,Any,Rogue,4,48,30.0,60.0,Percent,damage_increase_12_120,all
A_Ranged_IncreasedDamage_T5,Ranged_IncreasedDamage,Any,Rogue,5,53,24.0,48.0,Percent,damage_increase_12_120,all
A_Ranged_IncreasedDamage_T6,Ranged_IncreasedDamage,Any,Rogue,6,59,19.0,38.0,Percent,damage_increase_12_120,all
A_Ranged_IncreasedDamage_T7,Ranged_IncreasedDamage,Any,Rogue,7,64,15.0,30.0,Percent,damage_increase_12_120,all
A_Ranged_IncreasedDamage_T8,Ranged_IncreasedDamage,Any,Rogue,8,70,12.0,24.0,Percent,damage_increase_12_120,all
A_Ranged_AttackSpeed_T1,Ranged_AttackSpeed,Any,Rogue,1,31,36.0,60.0,Percent,attack_cast_speed_12_60,all
A_Ranged_AttackSpeed_T2,Ranged_AttackSpeed,Any,Rogue,2,36,31.0,51.0,Percent,attack_cast_speed_12_60,all
A_Ranged_AttackSpeed_T3,Ranged_AttackSpeed,Any,Rogue,3,42,26.0,43.0,Percent,attack_cast_speed_12_60,all
A_Ranged_AttackSpeed_T4,Ranged_AttackSpeed,Any,Rogue,4,48,22.0,36.0,Percent,attack_cast_speed_12_60,all
A_Ranged_AttackSpeed_T5,Ranged_AttackSpeed,Any,Rogue,5,53,19.0,30.0,Percent,attack_cast_speed_12_60,all
A_Ranged_AttackSpeed_T6,Ranged_AttackSpeed,Any,Rogue,6,59,16.0,25.0,Percent,attack_cast_speed_12_60,all
A_Ranged_AttackSpeed_T7,Ranged_AttackSpeed,Any,Rogue,7,64,14.0,21.0,Percent,attack_cast_speed_12_60,all
A_Ranged_AttackSpeed_T8,Ranged_AttackSpeed,Any,Rogue,8,70,12.0,18.0,Percent,attack_cast_speed_12_60,all
A_Ranged_ChainChance_T1,Ranged_ChainChance,Any,Rogue,1,6,100.0,160.0,ChancePercent,proj_special_25_160,all
A_Ranged_ChainChance_T2,Ranged_ChainChance,Any,Rogue,2,11,82.0,131.0,ChancePercent,proj_special_25_160,all
A_Ranged_ChainChance_T3,Ranged_ChainChance,Any,Rogue,3,16,67.0,108.0,ChancePercent,proj_special_25_160,all
A_Ranged_ChainChance_T4,Ranged_ChainChance,Any,Rogue,4,21,55.0,88.0,ChancePercent,proj_special_25_160,all
A_Ranged_ChainChance_T5,Ranged_ChainChance,Any,Rogue,5,26,45.0,72.0,ChancePercent,proj_special_25_160,all
A_Ranged_ChainChance_T6,Ranged_ChainChance,Any,Rogue,6,30,37.0,59.0,ChancePercent,proj_special_25_160,all
A_Ranged_ChainChance_T7,Ranged_ChainChance,Any,Rogue,7,35,30.0,49.0,ChancePercent,proj_special_25_160,all
A_Ranged_ChainChance_T8,Ranged_ChainChance,Any,Rogue,8,40,25.0,40.0,ChancePercent,proj_special_25_160,all
A_Ranged_ForkChance_T1,Ranged_ForkChance,Any,Rogue,1,6,100.0,160.0,ChancePercent,proj_special_25_160,all
A_Ranged_ForkChance_T2,Ranged_ForkChance,Any,Rogue,2,11,82.0,131.0,ChancePercent,proj_special_25_160,all
A_Ranged_ForkChance_T3,Ranged_ForkChance,Any,Rogue,3,16,67.0,108.0,ChancePercent,proj_special_25_160,all
A_Ranged_ForkChance_T4,Ranged_ForkChance,Any,Rogue,4,21,55.0,88.0,ChancePercent,proj_special_25_160,all
A_Ranged_ForkChance_T5,Ranged_ForkChance,Any,Rogue,5,26,45.0,72.0,ChancePercent,proj_special_25_160,all
A_Ranged_ForkChance_T6,Ranged_ForkChance,Any,Rogue,6,30,37.0,59.0,ChancePercent,proj_special_25_160,all
A_Ranged_ForkChance_T7,Ranged_ForkChance,Any,Rogue,7,35,30.0,49.0,ChancePercent,proj_special_25_160,all
A_Ranged_ForkChance_T8,Ranged_ForkChance,Any,Rogue,8,40,25.0,40.0,ChancePercent,proj_special_25_160,all
A_Ranged_PierceChance_T1,Ranged_PierceChance,Any,Rogue,1,6,100.0,160.0,ChancePercent,proj_special_25_160,all
A_Ranged_PierceChance_T2,Ranged_PierceChance,Any,Rogue,2,11,82.0,131.0,ChancePercent,proj_special_25_160,all
A_Ranged_PierceChance_T3,Ranged_PierceChance,Any,Rogue,3,16,67.0,108.0,ChancePercent,proj_special_25_160,all
A_Ranged_PierceChance_T4,Ranged_PierceChance,Any,Rogue,4,21,55.0,88.0,ChancePercent,proj_special_25_160,all
A_Ranged_PierceChance_T5,Ranged_PierceChance,Any,Rogue,5,26,45.0,72.0,ChancePercent,proj_special_25_160,all
A_Ranged_PierceChance_T6,Ranged_PierceChance,Any,Rogue,6,30,37.0,59.0,ChancePercent,proj_special_25_160,all
A_Ranged_PierceChance_T7,Ranged_PierceChance,Any,Rogue,7,35,30.0,49.0,ChancePercent,proj_special_25_160,all
A_Ranged_PierceChance_T8,Ranged_PierceChance,Any,Rogue,8,40,25.0,40.0,ChancePercent,proj_special_25_160,all
A_Spell_IncreasedDamage_T1,Spell_IncreasedDamage,Any,Caster,1,31,60.0,120.0,Percent,damage_increase_12_120,all
A_Spell_IncreasedDamage_T2,Spell_IncreasedDamage,Any,Caster,2,36,48.0,95.0,Percent,damage_increase_12_120,all
A_Spell_IncreasedDamage_T3,Spell_IncreasedDamage,Any,Caster,3,42,38.0,76.0,Percent,damage_increase_12_120,all
A_Spell_IncreasedDamage_T4,Spell_IncreasedDamage,Any,Caster,4,48,30.0,60.0,Percent,damage_increase_12_120,all
A_Spell_IncreasedDamage_T5,Spell_IncreasedDamage,Any,Caster,5,53,24.0,48.0,Percent,damage_increase_12_120,all
A_Spell_IncreasedDamage_T6,Spell_IncreasedDamage,Any,Caster,6,59,19.0,38.0,Percent,damage_increase_12_120,all
A_Spell_IncreasedDamage_T7,Spell_IncreasedDamage,Any,Caster,7,64,15.0,30.0,Percent,damage_increase_12_120,all
A_Spell_IncreasedDamage_T8,Spell_IncreasedDamage,Any,Caster,8,70,12.0,24.0,Percent,damage_increase_12_120,all
A_Spell_CastSpeed_T1,Spell_CastSpeed,Any,Caster,1,31,36.0,60.0,Percent,attack_cast_speed_12_60,all
A_Spell_CastSpeed_T2,Spell_CastSpeed,Any,Caster,2,36,31.0,51.0,Percent,attack_cast_speed_12_60,all
A_Spell_CastSpeed_T3,Spell_CastSpeed,Any,Caster,3,42,26.0,43.0,Percent,attack_cast_speed_12_60,all
A_Spell_CastSpeed_T4,Spell_CastSpeed,Any,Caster,4,48,22.0,36.0,Percent,attack_cast_speed_12_60,all
A_Spell_CastSpeed_T5,Spell_CastSpeed,Any,Caster,5,53,19.0,30.0,Percent,attack_cast_speed_12_60,all
A_Spell_CastSpeed_T6,Spell_CastSpeed,Any,Caster,6,59,16.0,25.0,Percent,attack_cast_speed_12_60,all
A_Spell_CastSpeed_T7,Spell_CastSpeed,Any,Caster,7,64,14.0,21.0,Percent,attack_cast_speed_12_60,all
A_Spell_CastSpeed_T8,Spell_CastSpeed,Any,Caster,8,70,12.0,18.0,Percent,attack_cast_speed_12_60,all
A_Spell_AreaOfEffect_T1,Spell_AreaOfEffect,Any,Caster,1,29,52.0,72.0,Percent,aoe_20_72,all
A_Spell_AreaOfEffect_T2,Spell_AreaOfEffect,Any,Caster,2,32,45.0,63.0,Percent,aoe_20_72,all
A_Spell_AreaOfEffect_T3,Spell_AreaOfEffect,Any,Caster,3,35,40.0,55.0,Percent,aoe_20_72,all
A_Spell_AreaOfEffect_T4,Spell_AreaOfEffect,Any,Caster,4,38,35.0,48.0,Percent,aoe_20_72,all
A_Spell_AreaOfEffect_T5,Spell_AreaOfEffect,Any,Caster,5,41,30.0,42.0,Percent,aoe_20_72,all
A_Spell_AreaOfEffect_T6,Spell_AreaOfEffect,Any,Caster,6,44,26.0,37.0,Percent,aoe_20_72,all
A_Spell_AreaOfEffect_T7,Spell_AreaOfEffect,Any,Caster,7,47,23.0,32.0,Percent,aoe_20_72,all
A_Spell_AreaOfEffect_T8,Spell_AreaOfEffect,Any,Caster,8,50,20.0,28.0,Percent,aoe_20_72,all
A_Spell_ChainChance_T1,Spell_ChainChance,Any,Caster,1,6,100.0,160.0,ChancePercent,proj_special_25_160,all
A_Spell_ChainChance_T2,Spell_ChainChance,Any,Caster,2,11,82.0,131.0,ChancePercent,proj_special_25_160,all
A_Spell_ChainChance_T3,Spell_ChainChance,Any,Caster,3,16,67.0,108.0,ChancePercent,proj_special_25_160,all
A_Spell_ChainChance_T4,Spell_ChainChance,Any,Caster,4,21,55.0,88.0,ChancePercent,proj_special_25_160,all
A_Spell_ChainChance_T5,Spell_ChainChance,Any,Caster,5,26,45.0,72.0,ChancePercent,proj_special_25_160,all
A_Spell_ChainChance_T6,Spell_ChainChance,Any,Caster,6,30,37.0,59.0,ChancePercent,proj_special_25_160,all
A_Spell_ChainChance_T7,Spell_ChainChance,Any,Caster,7,35,30.0,49.0,ChancePercent,proj_special_25_160,all
A_Spell_ChainChance_T8,Spell_ChainChance,Any,Caster,8,40,25.0,40.0,ChancePercent,proj_special_25_160,all
A_Spell_ForkChance_T1,Spell_ForkChance,Any,Caster,1,6,100.0,160.0,ChancePercent,proj_special_25_160,all
A_Spell_ForkChance_T2,Spell_ForkChance,Any,Caster,2,11,82.0,131.0,ChancePercent,proj_special_25_160,all
A_Spell_ForkChance_T3,Spell_ForkChance,Any,Caster,3,16,67.0,108.0,ChancePercent,proj_special_25_160,all
A_Spell_ForkChance_T4,Spell_ForkChance,Any,Caster,4,21,55.0,88.0,ChancePercent,proj_special_25_160,all
A_Spell_ForkChance_T5,Spell_ForkChance,Any,Caster,5,26,45.0,72.0,ChancePercent,proj_special_25_160,all
A_Spell_ForkChance_T6,Spell_ForkChance,Any,Caster,6,30,37.0,59.0,ChancePercent,proj_special_25_160,all
A_Spell_ForkChance_T7,Spell_ForkChance,Any,Caster,7,35,30.0,49.0,ChancePercent,proj_special_25_160,all
A_Spell_ForkChance_T8,Spell_ForkChance,Any,Caster,8,40,25.0,40.0,ChancePercent,proj_special_25_160,all
A_Spell_PierceChance_T1,Spell_PierceChance,Any,Caster,1,6,100.0,160.0,ChancePercent,proj_special_25_160,all
A_Spell_PierceChance_T2,Spell_PierceChance,Any,Caster,2,11,82.0,131.0,ChancePercent,proj_special_25_160,all
A_Spell_PierceChance_T3,Spell_PierceChance,Any,Caster,3,16,67.0,108.0,ChancePercent,proj_special_25_160,all
A_Spell_PierceChance_T4,Spell_PierceChance,Any,Caster,4,21,55.0,88.0,ChancePercent,proj_special_25_160,all
A_Spell_PierceChance_T5,Spell_PierceChance,Any,Caster,5,26,45.0,72.0,ChancePercent,proj_special_25_160,all
A_Spell_PierceChance_T6,Spell_PierceChance,Any,Caster,6,30,37.0,59.0,ChancePercent,proj_special_25_160,all
A_Spell_PierceChance_T7,Spell_PierceChance,Any,Caster,7,35,30.0,49.0,ChancePercent,proj_special_25_160,all
A_Spell_PierceChance_T8,Spell_PierceChance,Any,Caster,8,40,25.0,40.0,ChancePercent,proj_special_25_160,all
A_Utility_CDR_T1,Utility_CooldownRecoveryRate,Any,,1,23,32.0,48.0,Percent,cdr_or_buffeffect_12_48,all
A_Utility_CDR_T2,Utility_CooldownRecoveryRate,Any,,2,26,28.0,42.0,Percent,cdr_or_buffeffect_12_48,all
A_Utility_CDR_T3,Utility_CooldownRecoveryRate,Any,,3,28,24.0,36.0,Percent,cdr_or_buffeffect_12_48,all
A_Utility_CDR_T4,Utility_CooldownRecoveryRate,Any,,4,30,21.0,32.0,Percent,cdr_or_buffeffect_12_48,all
A_Utility_CDR_T5,Utility_CooldownRecoveryRate,Any,,5,33,18.0,27.0,Percent,cdr_or_buffeffect_12_48,all
A_Utility_CDR_T6,Utility_CooldownRecoveryRate,Any,,6,35,16.0,24.0,Percent,cdr_or_buffeffect_12_48,all
A_Utility_CDR_T7,Utility_CooldownRecoveryRate,Any,,7,38,14.0,21.0,Percent,cdr_or_buffeffect_12_48,all
A_Utility_CDR_T8,Utility_CooldownRecoveryRate,Any,,8,40,12.0,18.0,Percent,cdr_or_buffeffect_12_48,all
A_Utility_BuffEffect_T1,Utility_BuffEffect,Any,,1,23,32.0,48.0,Percent,cdr_or_buffeffect_12_48,all
A_Utility_BuffEffect_T2,Utility_BuffEffect,Any,,2,26,28.0,42.0,Percent,cdr_or_buffeffect_12_48,all
A_Utility_BuffEffect_T3,Utility_BuffEffect,Any,,3,28,24.0,36.0,Percent,cdr_or_buffeffect_12_48,all
A_Utility_BuffEffect_T4,Utility_BuffEffect,Any,,4,30,21.0,32.0,Percent,cdr_or_buffeffect_12_48,all
A_Utility_BuffEffect_T5,Utility_BuffEffect,Any,,5,33,18.0,27.0,Percent,cdr_or_buffeffect_12_48,all
A_Utility_BuffEffect_T6,Utility_BuffEffect,Any,,6,35,16.0,24.0,Percent,cdr_or_buffeffect_12_48,all
A_Utility_BuffEffect_T7,Utility_BuffEffect,Any,,7,38,14.0,21.0,Percent,cdr_or_buffeffect_12_48,all
A_Utility_BuffEffect_T8,Utility_BuffEffect,Any,,8,40,12.0,18.0,Percent,cdr_or_buffeffect_12_48,all
A_Utility_BuffDuration_T1,Utility_BuffDuration,Any,,1,23,52.0,72.0,Percent,buff_duration_20_72,all
A_Utility_BuffDuration_T2,Utility_BuffDuration,Any,,2,26,45.0,63.0,Percent,buff_duration_20_72,all
A_Utility_BuffDuration_T3,Utility_BuffDuration,Any,,3,28,40.0,55.0,Percent,buff_duration_20_72,all
A_Utility_BuffDuration_T4,Utility_BuffDuration,Any,,4,30,35.0,48.0,Percent,buff_duration_20_72,all
A_Utility_BuffDuration_T5,Utility_BuffDuration,Any,,5,33,30.0,42.0,Percent,buff_duration_20_72,all
A_Utility_BuffDuration_T6,Utility_BuffDuration,Any,,6,35,26.0,37.0,Percent,buff_duration_20_72,all
A_Utility_BuffDuration_T7,Utility_BuffDuration,Any,,7,38,23.0,32.0,Percent,buff_duration_20_72,all
A_Utility_BuffDuration_T8,Utility_BuffDuration,Any,,8,40,20.0,28.0,Percent,buff_duration_20_72,all
A_Utility_MoveSpeed_T1,Utility_MovementSpeed,Any,,1,23,5.0,8.0,FlatNumber,movement_speed_1_8,all
A_Utility_MoveSpeed_T2,Utility_MovementSpeed,Any,,2,26,4.0,7.0,FlatNumber,movement_speed_1_8,all
A_Utility_MoveSpeed_T3,Utility_MovementSpeed,Any,,3,28,3.0,5.0,FlatNumber,movement_speed_1_8,all
A_Utility_MoveSpeed_T4,Utility_MovementSpeed,Any,,4,30,3.0,4.0,FlatNumber,movement_speed_1_8,all
A_Utility_MoveSpeed_T5,Utility_MovementSpeed,Any,,5,33,2.0,4.0,FlatNumber,movement_speed_1_8,all
A_Utility_MoveSpeed_T6,Utility_MovementSpeed,Any,,6,35,2.0,3.0,FlatNumber,movement_speed_1_8,all
A_Utility_MoveSpeed_T7,Utility_MovementSpeed,Any,,7,38,1.0,2.0,FlatNumber,movement_speed_1_8,all
A_Utility_MoveSpeed_T8,Utility_MovementSpeed,Any,,8,40,1.0,2.0,FlatNumber,movement_speed_1_8,all
A_AilSpreadOnHit_Shock_T1,Ailment_SpreadOnHit_Shock,Any,,1,5,12.0,18.0,ChancePercent,ail_spread_hit_3_18,all
A_AilSpreadOnHit_Shock_T2,Ailment_SpreadOnHit_Shock,Any,,2,8,10.0,15.0,ChancePercent,ail_spread_hit_3_18,all
A_AilSpreadOnHit_Shock_T3,Ailment_SpreadOnHit_Shock,Any,,3,12,8.0,13.0,ChancePercent,ail_spread_hit_3_18,all
A_AilSpreadOnHit_Shock_T4,Ailment_SpreadOnHit_Shock,Any,,4,16,7.0,11.0,ChancePercent,ail_spread_hit_3_18,all
A_AilSpreadOnHit_Shock_T5,Ailment_SpreadOnHit_Shock,Any,,5,19,5.0,10.0,ChancePercent,ail_spread_hit_3_18,all
A_AilSpreadOnHit_Shock_T6,Ailment_SpreadOnHit_Shock,Any,,6,23,4.0,8.0,ChancePercent,ail_spread_hit_3_18,all
A_AilSpreadOnHit_Shock_T7,Ailment_SpreadOnHit_Shock,Any,,7,26,4.0,7.0,ChancePercent,ail_spread_hit_3_18,all
A_AilSpreadOnHit_Shock_T8,Ailment_SpreadOnHit_Shock,Any,,8,30,3.0,6.0,ChancePercent,ail_spread_hit_3_18,all
A_AilSpreadOnHit_Ignite_T1,Ailment_SpreadOnHit_Ignite,Any,,1,5,12.0,18.0,ChancePercent,ail_spread_hit_3_18,all
A_AilSpreadOnHit_Ignite_T2,Ailment_SpreadOnHit_Ignite,Any,,2,8,10.0,15.0,ChancePercent,ail_spread_hit_3_18,all
A_AilSpreadOnHit_Ignite_T3,Ailment_SpreadOnHit_Ignite,Any,,3,12,8.0,13.0,ChancePercent,ail_spread_hit_3_18,all
A_AilSpreadOnHit_Ignite_T4,Ailment_SpreadOnHit_Ignite,Any,,4,16,7.0,11.0,ChancePercent,ail_spread_hit_3_18,all
A_AilSpreadOnHit_Ignite_T5,Ailment_SpreadOnHit_Ignite,Any,,5,19,5.0,10.0,ChancePercent,ail_spread_hit_3_18,all
A_AilSpreadOnHit_Ignite_T6,Ailment_SpreadOnHit_Ignite,Any,,6,23,4.0,8.0,ChancePercent,ail_spread_hit_3_18,all
A_AilSpreadOnHit_Ignite_T7,Ailment_SpreadOnHit_Ignite,Any,,7,26,4.0,7.0,ChancePercent,ail_spread_hit_3_18,all
A_AilSpreadOnHit_Ignite_T8,Ailment_SpreadOnHit_Ignite,Any,,8,30,3.0,6.0,ChancePercent,ail_spread_hit_3_18,all
A_AilSpreadOnHit_Chill_T1,Ailment_SpreadOnHit_Chill,Any,,1,5,12.0,18.0,ChancePercent,ail_spread_hit_3_18,all
A_AilSpreadOnHit_Chill_T2,Ailment_SpreadOnHit_Chill,Any,,2,8,10.0,15.0,ChancePercent,ail_spread_hit_3_18,all
A_AilSpreadOnHit_Chill_T3,Ailment_SpreadOnHit_Chill,Any,,3,12,8.0,13.0,ChancePercent,ail_spread_hit_3_18,all
A_AilSpreadOnHit_Chill_T4,Ailment_SpreadOnHit_Chill,Any,,4,16,7.0,11.0,ChancePercent,ail_spread_hit_3_18,all
A_AilSpreadOnHit_Chill_T5,Ailment_SpreadOnHit_Chill,Any,,5,19,5.0,10.0,ChancePercent,ail_spread_hit_3_18,all
A_AilSpreadOnHit_Chill_T6,Ailment_SpreadOnHit_Chill,Any,,6,23,4.0,8.0,ChancePercent,ail_spread_hit_3_18,all
A_AilSpreadOnHit_Chill_T7,Ailment_SpreadOnHit_Chill,Any,,7,26,4.0,7.0,ChancePercent,ail_spread_hit_3_18,all
A_AilSpreadOnHit_Chill_T8,Ailment_SpreadOnHit_Chill,Any,,8,30,3.0,6.0,ChancePercent,ail_spread_hit_3_18,all
A_AilSpreadOnHit_Bleed_T1,Ailment_SpreadOnHit_Bleed,Any,,1,5,12.0,18.0,ChancePercent,ail_spread_hit_3_18,all
A_AilSpreadOnHit_Bleed_T2,Ailment_SpreadOnHit_Bleed,Any,,2,8,10.0,15.0,ChancePercent,ail_spread_hit_3_18,all
A_AilSpreadOnHit_Bleed_T3,Ailment_SpreadOnHit_Bleed,Any,,3,12,8.0,13.0,ChancePercent,ail_spread_hit_3_18,all
A_AilSpreadOnHit_Bleed_T4,Ailment_SpreadOnHit_Bleed,Any,,4,16,7.0,11.0,ChancePercent,ail_spread_hit_3_18,all
A_AilSpreadOnHit_Bleed_T5,Ailment_SpreadOnHit_Bleed,Any,,5,19,5.0,10.0,ChancePercent,ail_spread_hit_3_18,all
A_AilSpreadOnHit_Bleed_T6,Ailment_SpreadOnHit_Bleed,Any,,6,23,4.0,8.0,ChancePercent,ail_spread_hit_3_18,all
A_AilSpreadOnHit_Bleed_T7,Ailment_SpreadOnHit_Bleed,Any,,7,26,4.0,7.0,ChancePercent,ail_spread_hit_3_18,all
A_AilSpreadOnHit_Bleed_T8,Ailment_SpreadOnHit_Bleed,Any,,8,30,3.0,6.0,ChancePercent,ail_spread_hit_3_18,all
A_AilSpreadOnHit_Poison_T1,Ailment_SpreadOnHit_Poison,Any,,1,5,12.0,18.0,ChancePercent,ail_spread_hit_3_18,all
A_AilSpreadOnHit_Poison_T2,Ailment_SpreadOnHit_Poison,Any,,2,8,10.0,15.0,ChancePercent,ail_spread_hit_3_18,all
A_AilSpreadOnHit_Poison_T3,Ailment_SpreadOnHit_Poison,Any,,3,12,8.0,13.0,ChancePercent,ail_spread_hit_3_18,all
A_AilSpreadOnHit_Poison_T4,Ailment_SpreadOnHit_Poison,Any,,4,16,7.0,11.0,ChancePercent,ail_spread_hit_3_18,all
A_AilSpreadOnHit_Poison_T5,Ailment_SpreadOnHit_Poison,Any,,5,19,5.0,10.0,ChancePercent,ail_spread_hit_3_18,all
A_AilSpreadOnHit_Poison_T6,Ailment_SpreadOnHit_Poison,Any,,6,23,4.0,8.0,ChancePercent,ail_spread_hit_3_18,all
A_AilSpreadOnHit_Poison_T7,Ailment_SpreadOnHit_Poison,Any,,7,26,4.0,7.0,ChancePercent,ail_spread_hit_3_18,all
A_AilSpreadOnHit_Poison_T8,Ailment_SpreadOnHit_Poison,Any,,8,30,3.0,6.0,ChancePercent,ail_spread_hit_3_18,all
A_AilSpreadOnKill_Shock_T1,Ailment_SpreadOnKill_Shock,Any,,1,5,34.0,52.0,ChancePercent,ail_spread_kill_9_52,all
A_AilSpreadOnKill_Shock_T2,Ailment_SpreadOnKill_Shock,Any,,2,8,28.0,44.0,ChancePercent,ail_spread_kill_9_52,all
A_AilSpreadOnKill_Shock_T3,Ailment_SpreadOnKill_Shock,Any,,3,12,23.0,36.0,ChancePercent,ail_spread_kill_9_52,all
A_AilSpreadOnKill_Shock_T4,Ailment_SpreadOnKill_Shock,Any,,4,16,19.0,31.0,ChancePercent,ail_spread_kill_9_52,all
A_AilSpreadOnKill_Shock_T5,Ailment_SpreadOnKill_Shock,Any,,5,19,16.0,26.0,ChancePercent,ail_spread_kill_9_52,all
A_AilSpreadOnKill_Shock_T6,Ailment_SpreadOnKill_Shock,Any,,6,23,13.0,21.0,ChancePercent,ail_spread_kill_9_52,all
A_AilSpreadOnKill_Shock_T7,Ailment_SpreadOnKill_Shock,Any,,7,26,11.0,18.0,ChancePercent,ail_spread_kill_9_52,all
A_AilSpreadOnKill_Shock_T8,Ailment_SpreadOnKill_Shock,Any,,8,30,9.0,15.0,ChancePercent,ail_spread_kill_9_52,all
A_AilSpreadOnKill_Ignite_T1,Ailment_SpreadOnKill_Ignite,Any,,1,5,34.0,52.0,ChancePercent,ail_spread_kill_9_52,all
A_AilSpreadOnKill_Ignite_T2,Ailment_SpreadOnKill_Ignite,Any,,2,8,28.0,44.0,ChancePercent,ail_spread_kill_9_52,all
A_AilSpreadOnKill_Ignite_T3,Ailment_SpreadOnKill_Ignite,Any,,3,12,23.0,36.0,ChancePercent,ail_spread_kill_9_52,all
A_AilSpreadOnKill_Ignite_T4,Ailment_SpreadOnKill_Ignite,Any,,4,16,19.0,31.0,ChancePercent,ail_spread_kill_9_52,all
A_AilSpreadOnKill_Ignite_T5,Ailment_SpreadOnKill_Ignite,Any,,5,19,16.0,26.0,ChancePercent,ail_spread_kill_9_52,all
A_AilSpreadOnKill_Ignite_T6,Ailment_SpreadOnKill_Ignite,Any,,6,23,13.0,21.0,ChancePercent,ail_spread_kill_9_52,all
A_AilSpreadOnKill_Ignite_T7,Ailment_SpreadOnKill_Ignite,Any,,7,26,11.0,18.0,ChancePercent,ail_spread_kill_9_52,all
A_AilSpreadOnKill_Ignite_T8,Ailment_SpreadOnKill_Ignite,Any,,8,30,9.0,15.0,ChancePercent,ail_spread_kill_9_52,all
A_AilSpreadOnKill_Chill_T1,Ailment_SpreadOnKill_Chill,Any,,1,5,34.0,52.0,ChancePercent,ail_spread_kill_9_52,all
A_AilSpreadOnKill_Chill_T2,Ailment_SpreadOnKill_Chill,Any,,2,8,28.0,44.0,ChancePercent,ail_spread_kill_9_52,all
A_AilSpreadOnKill_Chill_T3,Ailment_SpreadOnKill_Chill,Any,,3,12,23.0,36.0,ChancePercent,ail_spread_kill_9_52,all
A_AilSpreadOnKill_Chill_T4,Ailment_SpreadOnKill_Chill,Any,,4,16,19.0,31.0,ChancePercent,ail_spread_kill_9_52,all
A_AilSpreadOnKill_Chill_T5,Ailment_SpreadOnKill_Chill,Any,,5,19,16.0,26.0,ChancePercent,ail_spread_kill_9_52,all
A_AilSpreadOnKill_Chill_T6,Ailment_SpreadOnKill_Chill,Any,,6,23,13.0,21.0,ChancePercent,ail_spread_kill_9_52,all
A_AilSpreadOnKill_Chill_T7,Ailment_SpreadOnKill_Chill,Any,,7,26,11.0,18.0,ChancePercent,ail_spread_kill_9_52,all
A_AilSpreadOnKill_Chill_T8,Ailment_SpreadOnKill_Chill,Any,,8,30,9.0,15.0,ChancePercent,ail_spread_kill_9_52,all
A_AilSpreadOnKill_Bleed_T1,Ailment_SpreadOnKill_Bleed,Any,,1,5,34.0,52.0,ChancePercent,ail_spread_kill_9_52,all
A_AilSpreadOnKill_Bleed_T2,Ailment_SpreadOnKill_Bleed,Any,,2,8,28.0,44.0,ChancePercent,ail_spread_kill_9_52,all
A_AilSpreadOnKill_Bleed_T3,Ailment_SpreadOnKill_Bleed,Any,,3,12,23.0,36.0,ChancePercent,ail_spread_kill_9_52,all
A_AilSpreadOnKill_Bleed_T4,Ailment_SpreadOnKill_Bleed,Any,,4,16,19.0,31.0,ChancePercent,ail_spread_kill_9_52,all
A_AilSpreadOnKill_Bleed_T5,Ailment_SpreadOnKill_Bleed,Any,,5,19,16.0,26.0,ChancePercent,ail_spread_kill_9_52,all
A_AilSpreadOnKill_Bleed_T6,Ailment_SpreadOnKill_Bleed,Any,,6,23,13.0,21.0,ChancePercent,ail_spread_kill_9_52,all
A_AilSpreadOnKill_Bleed_T7,Ailment_SpreadOnKill_Bleed,Any,,7,26,11.0,18.0,ChancePercent,ail_spread_kill_9_52,all
A_AilSpreadOnKill_Bleed_T8,Ailment_SpreadOnKill_Bleed,Any,,8,30,9.0,15.0,ChancePercent,ail_spread_kill_9_52,all
A_AilSpreadOnKill_Poison_T1,Ailment_SpreadOnKill_Poison,Any,,1,5,34.0,52.0,ChancePercent,ail_spread_kill_9_52,all
A_AilSpreadOnKill_Poison_T2,Ailment_SpreadOnKill_Poison,Any,,2,8,28.0,44.0,ChancePercent,ail_spread_kill_9_52,all
A_AilSpreadOnKill_Poison_T3,Ailment_SpreadOnKill_Poison,Any,,3,12,23.0,36.0,ChancePercent,ail_spread_kill_9_52,all
A_AilSpreadOnKill_Poison_T4,Ailment_SpreadOnKill_Poison,Any,,4,16,19.0,31.0,ChancePercent,ail_spread_kill_9_52,all
A_AilSpreadOnKill_Poison_T5,Ailment_SpreadOnKill_Poison,Any,,5,19,16.0,26.0,ChancePercent,ail_spread_kill_9_52,all
A_AilSpreadOnKill_Poison_T6,Ailment_SpreadOnKill_Poison,Any,,6,23,13.0,21.0,ChancePercent,ail_spread_kill_9_52,all
A_AilSpreadOnKill_Poison_T7,Ailment_SpreadOnKill_Poison,Any,,7,26,11.0,18.0,ChancePercent,ail_spread_kill_9_52,all
A_AilSpreadOnKill_Poison_T8,Ailment_SpreadOnKill_Poison,Any,,8,30,9.0,15.0,ChancePercent,ail_spread_kill_9_52,all
A_Def_Inc_Evasion_T1,Defense_Increased_Evasion,Any,,1,35,60.0,120.0,Percent,damage_increase_12_120,all
A_Def_Inc_Evasion_T2,Defense_Increased_Evasion,Any,,2,42,48.0,95.0,Percent,damage_increase_12_120,all
A_Def_Inc_Evasion_T3,Defense_Increased_Evasion,Any,,3,48,38.0,76.0,Percent,damage_increase_12_120,all
A_Def_Inc_Evasion_T4,Defense_Increased_Evasion,Any,,4,54,30.0,60.0,Percent,damage_increase_12_120,all
A_Def_Inc_Evasion_T5,Defense_Increased_Evasion,Any,,5,61,24.0,48.0,Percent,damage_increase_12_120,all
A_Def_Inc_Evasion_T6,Defense_Increased_Evasion,Any,,6,67,19.0,38.0,Percent,damage_increase_12_120,all
A_Def_Inc_Evasion_T7,Defense_Increased_Evasion,Any,,7,74,15.0,30.0,Percent,damage_increase_12_120,all
A_Def_Inc_Evasion_T8,Defense_Increased_Evasion,Any,,8,80,12.0,24.0,Percent,damage_increase_12_120,all
A_Def_Inc_Armor_T1,Defense_Increased_Armor,Any,,1,35,60.0,120.0,Percent,damage_increase_12_120,all
A_Def_Inc_Armor_T2,Defense_Increased_Armor,Any,,2,42,48.0,95.0,Percent,damage_increase_12_120,all
A_Def_Inc_Armor_T3,Defense_Increased_Armor,Any,,3,48,38.0,76.0,Percent,damage_increase_12_120,all
A_Def_Inc_Armor_T4,Defense_Increased_Armor,Any,,4,54,30.0,60.0,Percent,damage_increase_12_120,all
A_Def_Inc_Armor_T5,Defense_Increased_Armor,Any,,5,61,24.0,48.0,Percent,damage_increase_12_120,all
A_Def_Inc_Armor_T6,Defense_Increased_Armor,Any,,6,67,19.0,38.0,Percent,damage_increase_12_120,all
A_Def_Inc_Armor_T7,Defense_Increased_Armor,Any,,7,74,15.0,30.0,Percent,damage_increase_12_120,all
A_Def_Inc_Armor_T8,Defense_Increased_Armor,Any,,8,80,12.0,24.0,Percent,damage_increase_12_120,all
A_Def_Inc_Barrier_T1,Defense_Increased_Barrier,Any,,1,35,60.0,120.0,Percent,damage_increase_12_120,all
A_Def_Inc_Barrier_T2,Defense_Increased_Barrier,Any,,2,42,48.0,95.0,Percent,damage_increase_12_120,all
A_Def_Inc_Barrier_T3,Defense_Increased_Barrier,Any,,3,48,38.0,76.0,Percent,damage_increase_12_120,all
A_Def_Inc_Barrier_T4,Defense_Increased_Barrier,Any,,4,54,30.0,60.0,Percent,damage_increase_12_120,all
A_Def_Inc_Barrier_T5,Defense_Increased_Barrier,Any,,5,61,24.0,48.0,Percent,damage_increase_12_120,all
A_Def_Inc_Barrier_T6,Defense_Increased_Barrier,Any,,6,67,19.0,38.0,Percent,damage_increase_12_120,all
A_Def_Inc_Barrier_T7,Defense_Increased_Barrier,Any,,7,74,15.0,30.0,Percent,damage_increase_12_120,all
A_Def_Inc_Barrier_T8,Defense_Increased_Barrier,Any,,8,80,12.0,24.0,Percent,damage_increase_12_120,all
A_Def_Inc_Health_T1,Defense_Increased_Health,Any,,1,35,60.0,100.0,Percent,inc_health_10_100,all
A_Def_Inc_Health_T2,Defense_Increased_Health,Any,,2,42,46.0,78.0,Percent,inc_health_10_100,all
A_Def_Inc_Health_T3,Defense_Increased_Health,Any,,3,48,36.0,61.0,Percent,inc_health_10_100,all
A_Def_Inc_Health_T4,Defense_Increased_Health,Any,,4,54,28.0,48.0,Percent,inc_health_10_100,all
A_Def_Inc_Health_T5,Defense_Increased_Health,Any,,5,61,22.0,38.0,Percent,inc_health_10_100,all
A_Def_Inc_Health_T6,Defense_Increased_Health,Any,,6,67,17.0,29.0,Percent,inc_health_10_100,all
A_Def_Inc_Health_T7,Defense_Increased_Health,Any,,7,74,13.0,23.0,Percent,inc_health_10_100,all
A_Def_Inc_Health_T8,Defense_Increased_Health,Any,,8,80,10.0,18.0,Percent,inc_health_10_100,all
A_Def_Inc_LeechRate_T1,Defense_Increased_LeechRate,Any,,1,18,60.0,120.0,Percent,damage_increase_12_120,all
A_Def_Inc_LeechRate_T2,Defense_Increased_LeechRate,Any,,2,21,48.0,95.0,Percent,damage_increase_12_120,all
A_Def_Inc_LeechRate_T3,Defense_Increased_LeechRate,Any,,3,24,38.0,76.0,Percent,damage_increase_12_120,all
A_Def_Inc_LeechRate_T4,Defense_Increased_LeechRate,Any,,4,27,30.0,60.0,Percent,damage_increase_12_120,all
A_Def_Inc_LeechRate_T5,Defense_Increased_LeechRate,Any,,5,30,24.0,48.0,Percent,damage_increase_12_120,all
A_Def_Inc_LeechRate_T6,Defense_Increased_LeechRate,Any,,6,34,19.0,38.0,Percent,damage_increase_12_120,all
A_Def_Inc_LeechRate_T7,Defense_Increased_LeechRate,Any,,7,37,15.0,30.0,Percent,damage_increase_12_120,all
A_Def_Inc_LeechRate_T8,Defense_Increased_LeechRate,Any,,8,40,12.0,24.0,Percent,damage_increase_12_120,all
